﻿year,stock,source,target,sublist.holder,sublist.location,sublist.is_coreSource,sublist.table_source1,sublist.table_source2,sublist.table_source3,sublist.table_source4,market,group,taxcode.source,taxcode.target,china.note,X1,修正,非集團
2015,8084,巨虹電子股份有限公司,巨虹科技(深圳)有限公司,1,china,1,1,0,1,0,上櫃,G8084,84630087,NA,NA,NA,NA,NA
2015,8084,佑坤投資有限公司,巨虹電子股份有限公司,NA,NA,0,0,0,0,1,上櫃,G8084,12923958,84630087,NA,NA,NA,NA
2015,8084,元騰投資股份有限公司,巨虹電子股份有限公司,NA,NA,0,0,0,0,1,上櫃,G8084,12717303,84630087,NA,NA,NA,NA
2015,8084,昆裕投資有限公司,巨虹電子股份有限公司,NA,NA,0,0,0,0,1,上櫃,G8084,12981210,84630087,NA,NA,NA,NA
2015,8084,巨虹電子股份有限公司,虹朗科技股份有限公司,0.4,台灣,1,1,0,0,0,上櫃,G8084,84630087,54737935,NA,NA,NA,NA
2015,8084,巨虹電子股份有限公司,進亨實業有限公司,0.9998,香港,1,1,0,0,0,上櫃,G8084,84630087,NA,NA,NA,NA,NA
2015,8084,巨虹電子股份有限公司,匯巨投資股份有限公司,1,台灣,1,1,0,0,0,上櫃,G8084,84630087,24722082,NA,NA,NA,NA
2015,8084,匯巨投資股份有限公司,龍山育樂開發股份有限公司,0.2,台灣,0,0,1,0,0,上櫃,G8084,24722082,16957459,NA,NA,NA,NA
