﻿year,stock,source,target,sublist.holder,sublist.location,sublist.is_coreSource,sublist.table_source1,sublist.table_source2,sublist.table_source3,sublist.table_source4,market,group,taxcode.source,taxcode.target,china.note,X1,修正,非集團
2015,5529,榮嘉投資股份有限公司,志嘉建設股份有限公司,NA,NA,0,0,0,0,1,上櫃,G5529,84445421,58250510,NA,NA,NA,NA
2015,5529,勤慈租賃股份有限公司,志嘉建設股份有限公司,NA,NA,0,0,0,0,1,上櫃,G5529,16925210,58250510,NA,NA,NA,NA
2015,5529,志嘉建設股份有限公司,新嘉文創事業股份有限公司,1,台灣,1,1,0,0,0,上櫃,G5529,58250510,54252919,NA,NA,NA,NA
2015,5529,志嘉建設股份有限公司,嘉客文旅飯店股份有限公司,1,台灣,1,1,0,0,0,上櫃,G5529,58250510,42642815,NA,NA,NA,NA
2015,5529,志嘉建設股份有限公司,麗安管理顧問股份有限公司,1,台灣,1,1,0,0,0,上櫃,G5529,58250510,42639494,NA,NA,NA,NA
