﻿year,stock,source,target,sublist.holder,sublist.location,sublist.is_coreSource,sublist.table_source1,sublist.table_source2,sublist.table_source3,sublist.table_source4,market,group,taxcode.source,taxcode.target,china.note,X1,修正,非集團
2016,8923,時報文化出版企業股份有限公司,SINO CULTURAL (SAMOA) GROUP LTD.,1,薩摩亞,0,1,0,0,0,上櫃,G8923,01405937,NA,NA,NA,NA,NA
2016,8923,時報文化出版企業股份有限公司,大好世紀創意志業有限公司,0,不明,0,1,0,0,0,上櫃,G8923,01405937,53329019,NA,NA,NA,NA
2016,8923,SINO CULTURAL (SAMOA) GROUP LTD.,時報(北京)文化諮詢有限公司,1,china,0,1,0,1,0,上櫃,G8923,NA,NA,NA,NA,NA,NA
2016,8923,德茂興資本股份有限公司,時報文化出版企業股份有限公司,NA,NA,0,0,0,0,1,上櫃,G8923,27997669,01405937,NA,NA,NA,NA
2016,8923,傑克喜亞投資有限公司,時報文化出版企業股份有限公司,NA,NA,0,0,0,0,1,上櫃,G8923,80059143,01405937,NA,NA,NA,NA
