﻿year,stock,source,target,sublist.holder,sublist.location,sublist.is_coreSource,sublist.table_source1,sublist.table_source2,sublist.table_source3,sublist.table_source4,market,group,taxcode.source,taxcode.target,china.note,X1,修正,非集團
2013,3416,益琦建設股份有限公司,融程電訊股份有限公司,NA,NA,0,0,0,0,1,上市,G5309,27354286,96930209,NA,NA,NA,NA
2013,3416,研廣科技股份有限公司,融程電訊股份有限公司,NA,NA,0,0,0,0,1,上市,G5309,16293559,96930209,NA,NA,NA,NA
2013,3416,系統電子工業股份有限公司,融程電訊股份有限公司,0.0999,NA,0,0,0,0,1,上市,G5309,20768310,96930209,NA,NA,NA,NA
2013,5309,中華開發工業銀行股份有限公司,系統電子工業股份有限公司,NA,NA,0,0,0,0,1,上櫃,G5309,11147207,20768310,NA,NA,NA,1
