﻿year,stock,source,target,sublist.holder,sublist.location,sublist.is_coreSource,sublist.table_source1,sublist.table_source2,sublist.table_source3,sublist.table_source4,market,group,taxcode.source,taxcode.target,china.note,X1,修正,非集團
2014,6242,立康生醫事業股份有限公司,"Quality Computer Accessories, Inc",0,美國,0,1,0,0,0,上櫃,G6242,12549828,NA,NA,NA,NA,NA
2014,6242,立康生物科技股份有限公司,立康生醫事業股份有限公司,NA,NA,0,0,0,0,1,上櫃,G6242,73715670,12549828,NA,NA,NA,NA
2014,6242,生春堂製藥工業股份有限公司,立康生醫事業股份有限公司,NA,NA,0,0,0,0,1,上櫃,G6242,73701535,12549828,NA,NA,NA,NA
2014,6242,立康生醫事業股份有限公司,威創電子科技有限公司,0,香港,0,1,0,0,0,上櫃,G6242,12549828,NA,NA,NA,NA,NA
