﻿year,stock,source,target,sublist.holder,sublist.location,sublist.is_coreSource,sublist.table_source1,sublist.table_source2,sublist.table_source3,sublist.table_source4,market,group,taxcode.source,taxcode.target,china.note,X1,修正,非集團
2016,8491,真好玩娛樂科技股份有限公司,"9splay Holding Co., Limited",1,香港,1,1,0,0,0,興櫃,G8491,54358602,NA,NA,NA,NA,NA
2016,8491,"9splay Holding Co., Limited",上海玄玖信息科技有限公司,1,china,0,1,0,1,0,興櫃,G8491,NA,NA,NA,NA,NA,NA
2016,8491,９SplayAtinumHolding,真好玩娛樂科技股份有限公司,NA,NA,0,0,0,0,1,興櫃,G8491,NA,54358602,NA,NA,NA,NA
2016,8491,永霖投資股份有限公司,真好玩娛樂科技股份有限公司,NA,NA,0,0,0,0,1,興櫃,G8491,24780553,54358602,NA,NA,NA,NA
