﻿year,stock,source,target,sublist.holder,sublist.location,sublist.is_coreSource,sublist.table_source1,sublist.table_source2,sublist.table_source3,sublist.table_source4,market,group,taxcode.source,taxcode.target,china.note,X1,修正,非集團
2015,8497,聯廣傳播股份有限公司,二零零八傳媒行銷股份有限公司,1,台灣,1,1,0,0,0,興櫃,G8497,11330555,24318793,NA,NA,NA,NA
2015,8497,聯太國際公關顧問股份有限公司,聯一公關顧問股份有限公司,1,台灣,0,1,0,0,0,興櫃,G8497,27357039,27522930,NA,NA,NA,NA
2015,8497,聯廣傳播股份有限公司,聯太國際公關顧問股份有限公司,1,台灣,1,1,0,0,0,興櫃,G8497,11330555,27357039,NA,NA,NA,NA
2015,8497,聯廣傳播股份有限公司,聯成行銷顧問股份有限公司,0,台灣,1,1,0,0,0,興櫃,G8497,11330555,25113059,NA,NA,NA,NA
2015,8497,聯廣傳播股份有限公司,聯眾廣告股份有限公司,1,台灣,1,1,0,0,0,興櫃,G8497,11330555,22180391,NA,NA,NA,NA
2015,8497,聯廣傳播股份有限公司,聯勤公關顧問股份有限公司,1,台灣,1,1,0,0,0,興櫃,G8497,11330555,25112988,NA,NA,NA,NA
2015,8497,聯廣傳播股份有限公司,聯準行銷顧問股份有限公司,1,台灣,1,1,0,0,0,興櫃,G8497,11330555,80185021,NA,NA,NA,NA
2015,8497,聯廣傳播股份有限公司,聯廣廣告(北京)有限公司,1,china,1,1,0,1,0,興櫃,G8497,11330555,NA,NA,NA,NA,NA
2015,8497,聯廣傳播股份有限公司,聯樂數位行銷股份有限公司,1,台灣,1,1,0,0,0,興櫃,G8497,11330555,24499648,NA,NA,NA,NA
