﻿year,stock,source,target,sublist.holder,sublist.location,sublist.is_coreSource,sublist.table_source1,sublist.table_source2,sublist.table_source3,sublist.table_source4,market,group,taxcode.source,taxcode.target,china.note,X1,修正,非集團
2015,8289,泰藝電子股份有限公司,Colorado Crystal Corporation,1,美國,1,1,0,0,0,上櫃,G8289,70540563,NA,NA,NA,NA,NA
2015,8289,"Taitien Holding Co., Ltd.",Hardy Holding Corporation,1,英屬維京群島,0,1,0,0,0,上櫃,G8289,NA,NA,NA,NA,NA,NA
2015,8289,泰藝電子股份有限公司,Indus Taitien Marketing Ltd.,1,英屬維京群島,1,1,0,0,0,上櫃,G8289,70540563,NA,NA,NA,NA,NA
2015,8289,"Taitien USA, Inc.",Isotemp Research Inc.,1,美國,0,0,1,0,0,上櫃,G8289,NA,NA,NA,NA,NA,NA
2015,8289,泰藝電子股份有限公司,"Taitien Holding Co., Ltd.",1,英屬維京群島,1,1,0,0,0,上櫃,G8289,70540563,NA,NA,NA,NA,NA
2015,8289,泰藝電子股份有限公司,"Taitien USA, Inc.",1,美國,1,1,0,0,0,上櫃,G8289,70540563,NA,NA,NA,NA,NA
2015,8289,Colorado Crystal Corporation,"Xeco, Inc.",0,美國,0,1,0,0,0,上櫃,G8289,NA,NA,NA,NA,NA,NA
2015,8289,Hardy Holding Corporation,泰藝電子(南京)有限公司,1,china,0,1,0,1,0,上櫃,G8289,NA,NA,NA,NA,NA,NA
2015,8289,Hardy Holding Corporation,泰藝電子(深圳)有限公司,1,china,0,1,0,1,0,上櫃,G8289,NA,NA,NA,NA,NA,NA
2015,8289,泰藝電子(深圳)有限公司,鄭州原創電子科技有限公司,0.73,china,0,1,0,1,0,上櫃,G8289,NA,NA,NA,NA,NA,NA
