﻿year,stock,source,target,sublist.holder,sublist.location,sublist.is_coreSource,sublist.table_source1,sublist.table_source2,sublist.table_source3,sublist.table_source4,market,group,taxcode.source,taxcode.target,china.note,X1,修正,非集團
2014,8329,臺灣電視事業股份有限公司,台視文化事業股份有限公司,1,台灣,0,1,0,0,0,興櫃,G8329,20685000,20785373,NA,NA,NA,NA
2014,8329,臺灣電視事業股份有限公司,松大娛樂經紀股份有限公司,1,台灣,0,0,1,0,0,興櫃,G8329,20685000,54161214,NA,NA,NA,NA
2014,8329,臺灣電視事業股份有限公司,國際視聽傳播股份有限公司,0.33,台灣,0,0,1,0,0,興櫃,G8329,20685000,30949797,NA,NA,NA,NA
2014,8329,非凡國際科技股份有限公司,臺灣電視事業股份有限公司,NA,NA,0,0,0,0,1,興櫃,G8329,70469098,20685000,NA,NA,NA,NA
2014,8329,臺灣水泥股份有限公司,臺灣電視事業股份有限公司,NA,NA,0,0,0,0,1,興櫃,G8329,11913502,20685000,NA,NA,NA,NA
