﻿year,stock,source,target,sublist.holder,sublist.location,sublist.is_coreSource,sublist.table_source1,sublist.table_source2,sublist.table_source3,sublist.table_source4,market,group,taxcode.source,taxcode.target,china.note,X1,修正,非集團
2013,6141,"PLOTECH (BVI) CO., LTD.",FIRM GROUND INVESTMENTS LIMITED,1,英屬維京群島,0,1,0,0,0,上市,G6141,NA,NA,NA,NA,NA,NA
2013,6141,"PLOTECH (BVI) CO., LTD.","PACIFICA TECHNOLOGY INVESTMENT CO., LTD",0,英屬維京群島,0,1,0,0,0,上市,G6141,NA,NA,NA,NA,NA,NA
2013,6141,柏承科技股份有限公司,"PLOTECH (BVI) CO., LTD.",1,英屬維京群島,1,1,0,0,0,上市,G6141,NA,NA,NA,NA,NA,NA
2013,6141,"PLOTECH (BVI) CO., LTD.","PLOTECH (CAYMAN) CO.,LTD.",1,開曼群島,0,1,0,0,0,上市,G6141,NA,NA,NA,NA,NA,NA
2013,6141,"PLOTECH (CAYMAN) CO.,LTD.",柏承科技(昆山)股份有限公司,0.999,china,0,1,0,1,0,上市,G6141,NA,NA,NA,NA,NA,NA
2013,6141,柏承科技(昆山)股份有限公司,柏承科技(香港)有限公司,1,香港,0,1,0,0,0,上市,G6141,NA,NA,NA,NA,NA,NA
2013,6141,FIRM GROUND INVESTMENTS LIMITED,柏承電子(惠陽)有限公司,0.49,china,0,1,0,1,0,上市,G6141,NA,NA,NA,NA,NA,NA
2013,6141,柏承科技(昆山)股份有限公司,柏承電子(惠陽)有限公司,0.51,china,0,1,0,0,0,上市,G6141,NA,NA,NA,NA,NA,NA
2013,6141,柏承科技(昆山)股份有限公司,蘇州柏承貿易有限公司,1,china,0,1,0,1,0,上市,G6141,NA,NA,NA,NA,NA,NA
