﻿year,stock,source,target,sublist.holder,sublist.location,sublist.is_coreSource,sublist.table_source1,sublist.table_source2,sublist.table_source3,sublist.table_source4,market,group,taxcode.source,taxcode.target,china.note,X1,修正,非集團
2016,9946,城新投資股份有限公司,三發地產股份有限公司,NA,NA,0,0,0,0,1,上市,G9946,28609738,84466749,NA,NA,NA,NA
2016,9946,新庭投資有限公司,三發地產股份有限公司,NA,NA,0,0,0,0,1,上市,G9946,24516371,84466749,NA,NA,NA,NA
2016,9946,三發地產股份有限公司,京富祥營造股份有限公司,1,台灣,1,1,0,0,0,上市,G9946,84466749,96917579,NA,NA,NA,NA
2016,9946,金革國際唱片股份有限公司,金品餐飲股份有限公司,1,不明,0,1,0,0,0,上市,G9946,53207780,47020490,NA,NA,NA,NA
2016,9946,三發地產股份有限公司,金革國際唱片股份有限公司,1,不明,1,1,0,0,0,上市,G9946,84466749,53207780,NA,NA,NA,NA
2016,9946,金革國際唱片股份有限公司,金革國際唱片股份有限公司,1,台灣,0,0,1,0,0,上市,G9946,53207780,53207780,NA,NA,NA,NA
