﻿year,stock,source,target,sublist.holder,sublist.location,sublist.is_coreSource,sublist.table_source1,sublist.table_source2,sublist.table_source3,sublist.table_source4,market,group,taxcode.source,taxcode.target,china.note,X1,修正,非集團
2016,8360,財團法人公共電視文化事業基金會,中華電視股份有限公司,NA,NA,0,0,0,0,1,公開發行,G8360,01012145,20516997,NA,NA,NA,NA
2016,8360,聲寶股份有限公司,中華電視股份有限公司,NA,NA,0,0,0,0,1,公開發行,G8360,03607500,20516997,NA,NA,NA,1
2016,8360,財團法人台北市華視文化教育基金會,中華電視股份有限公司,NA,NA,0,0,0,0,1,公開發行,G8360,04125903,20516997,NA,NA,NA,NA
2016,8360,中華電視股份有限公司,國際視聽傳播股份有限公司,0.3328,台灣,1,0,1,0,0,公開發行,G8360,20516997,30949797,NA,NA,NA,NA
2016,8360,中華電視股份有限公司,華視文化事業股份有限公司,0.9062,台灣,1,1,0,0,0,公開發行,G8360,20516997,04722248,NA,NA,NA,NA
