﻿year,stock,source,target,sublist.holder,sublist.location,sublist.is_coreSource,sublist.table_source1,sublist.table_source2,sublist.table_source3,sublist.table_source4,market,group,taxcode.source,taxcode.target,china.note,X1,修正,非集團
2016,6246,臺龍電子股份有限公司,Gold Record Investments Limited,1,薩摩亞,0,1,0,0,0,上櫃,G6246,NA,NA,NA,NA,NA,NA
2016,6246,臺龍電子股份有限公司,Hexel Electronic Limited,0.9999,香港,0,1,0,0,0,上櫃,G6246,NA,NA,NA,NA,NA,NA
2016,6246,Gold Record Investments Limited,台龍電子(昆山)有限公司,1,china,0,1,0,1,0,上櫃,G6246,NA,NA,NA,NA,NA,NA
2016,6246,Gold Record Investments Limited,東莞華龍電子有限公司,1,china,0,1,0,1,0,上櫃,G6246,NA,NA,NA,NA,NA,NA
2016,6246,景旺國際有限公司,臺龍電子股份有限公司,NA,NA,0,0,0,0,1,上櫃,G6246,54188522,12386388,NA,NA,NA,NA
2016,6246,佳竟有限公司,臺龍電子股份有限公司,NA,NA,0,0,0,0,1,上櫃,G6246,24575321,12386388,NA,NA,NA,NA
