﻿year,stock,source,target,sublist.holder,sublist.location,sublist.is_coreSource,sublist.table_source1,sublist.table_source2,sublist.table_source3,sublist.table_source4,market,group,taxcode.source,taxcode.target,china.note,X1,修正,非集團
2015,6490,凌昇能源科技股份有限公司,政威太陽能能源有限公司,0.51,台灣,1,1,0,0,0,興櫃,G6490,53307514,54627851,NA,NA,NA,NA
2015,6490,大石科技有限公司,凌昇能源科技股份有限公司,NA,NA,0,0,0,0,1,興櫃,G6490,24505297,53307514,NA,NA,NA,NA
2015,6490,益承投資股份有限公司,凌昇能源科技股份有限公司,NA,NA,0,0,0,0,1,興櫃,G6490,53477340,53307514,NA,NA,NA,NA
2015,6490,銓莘科技有限公司,凌昇能源科技股份有限公司,NA,NA,0,0,0,0,1,興櫃,G6490,28163004,53307514,NA,NA,NA,NA
2015,6490,英屬維京群島商豐崴投資有限公司,凌昇能源科技股份有限公司,NA,NA,0,0,0,0,1,興櫃,G6490,NA,53307514,NA,NA,NA,NA
