﻿year,stock,source,target,sublist.holder,sublist.location,sublist.is_coreSource,sublist.table_source1,sublist.table_source2,sublist.table_source3,sublist.table_source4,market,group,taxcode.source,taxcode.target,china.note,X1,修正,非集團
2016,8974,世新有線電視股份有限公司,中福紙業股份有限公司,0.4026,不明,0,1,0,0,0,公開發行,G8974,97168074,11153903,NA,NA,NA,NA
2016,8974,廣博網路科技股份有限公司,世新有線電視股份有限公司,NA,NA,0,0,0,0,1,公開發行,G8974,27287230,97168074,NA,NA,NA,NA
2016,8974,大嘉義行銷管理股份有限公司,世新有線電視股份有限公司,NA,NA,0,0,0,0,1,公開發行,G8974,80579778,97168074,NA,NA,NA,NA
2016,8974,中福紙業股份有限公司,阿里山衛星電視國際股份有限公司,1,不明,0,1,0,0,0,公開發行,G8974,11153903,12819456,NA,NA,NA,NA
