﻿year,stock,source,target,sublist.holder,sublist.location,sublist.is_coreSource,sublist.table_source1,sublist.table_source2,sublist.table_source3,sublist.table_source4,market,group,taxcode.source,taxcode.target,china.note,X1,修正,非集團
2014,8462,嘉永投資開發股份有限公司,柏文健康事業股份有限公司,NA,NA,0,0,0,0,1,上櫃,G8462,54631840,27693238,NA,NA,NA,NA
2014,8462,柏文健康事業股份有限公司,柏義文化事業股份有限公司,1,台灣,1,1,0,0,0,興櫃,G8462,27693238,29021460,NA,NA,NA,NA
2014,8462,柏文健康事業股份有限公司,柏諺運動事業股份有限公司,1,台灣,1,1,0,0,0,興櫃,G8462,27693238,54195299,NA,NA,NA,NA
2014,8462,柏文健康事業股份有限公司,柏鑫健康事業股份有限公司,6,台灣,1,1,0,0,0,興櫃,G8462,27693238,53334913,NA,NA,NA,NA
