﻿year,stock,source,target,sublist.holder,sublist.location,sublist.is_coreSource,sublist.table_source1,sublist.table_source2,sublist.table_source3,sublist.table_source4,market,group,taxcode.source,taxcode.target,china.note,X1,修正,非集團
2016,8423,保綠資源股份有限公司,Grand Oasis Corp.,1,薩摩亞,1,1,0,0,0,上櫃,G8423,53003483,NA,NA,NA,NA,NA
2016,8423,保綠資源股份有限公司,Greencycle Industries Sdn. Bhd.,1,馬來西亞,1,1,0,0,0,上櫃,G8423,53003483,NA,NA,NA,NA,NA
2016,8423,保綠資源股份有限公司,Jeng Yuan Reclaimed Rubber Sdn. Bhd.,1,馬來西亞,1,1,0,0,0,上櫃,G8423,53003483,NA,NA,NA,NA,NA
2016,8423,保綠資源股份有限公司,為愷股份有限公司,1,台灣,1,1,0,0,0,上櫃,G8423,53003483,27814747,NA,NA,NA,NA
