﻿year,stock,source,target,sublist.holder,sublist.location,sublist.is_coreSource,sublist.table_source1,sublist.table_source2,sublist.table_source3,sublist.table_source4,market,group,taxcode.source,taxcode.target,china.note,X1,修正,非集團
2015,8038,長園科技實業股份有限公司,CAEC Patent Licensing L.L.C,1,美國,1,0,1,0,0,上櫃,G8038,16207745,NA,NA,NA,NA,NA
2015,8038,長園科技實業股份有限公司,台塑鋰鐵材料科技股份有限公司,0.4886,台灣,1,0,1,0,0,上櫃,G8038,16207745,29096118,NA,NA,NA,NA
2015,8038,台塑生醫科技股份有限公司,長園科技實業股份有限公司,NA,NA,0,0,0,0,1,上櫃,G8038,80539426,16207745,NA,NA,NA,NA
2015,8038,沗采投資股份有限公司,長園科技實業股份有限公司,NA,NA,0,0,0,0,1,上櫃,G8038,70601266,16207745,NA,NA,NA,NA
2015,8038,長園科技實業股份有限公司,寰聖國際實業股份有限公司,0.7138,台灣,0,1,0,0,0,上櫃,G8038,16207745,53637254,NA,NA,NA,NA
