﻿year,stock,source,target,sublist.holder,sublist.location,sublist.is_coreSource,sublist.table_source1,sublist.table_source2,sublist.table_source3,sublist.table_source4,market,group,taxcode.source,taxcode.target,china.note,X1,修正,非集團
2015,8354,Profit Time Investments Limited,Chief Star Limited,1,薩摩亞,0,0,1,0,0,上櫃,G8354,NA,NA,NA,NA,NA,NA
2015,8354,冠好科技股份有限公司,Crystal Clear Int'l Trading Corp.,1,薩摩亞,1,1,0,0,0,上櫃,G8354,86779099,NA,NA,NA,NA,NA
2015,8354,Profit Time Investments Limited,Polestar Corporation Limited,1,塞席爾,0,0,1,0,0,上櫃,G8354,NA,NA,NA,NA,NA,NA
2015,8354,冠好科技股份有限公司,Profit Time Investments Limited,1,薩摩亞,1,0,1,0,0,上櫃,G8354,86779099,NA,NA,NA,NA,NA
2015,8354,Profit Time Investments Limited,Smart Star Investments Limited,1,薩摩亞,0,0,1,0,0,上櫃,G8354,NA,NA,NA,NA,NA,NA
2015,8354,冠好科技股份有限公司,正好國際股份有限公司,1,台灣,1,1,0,0,0,上櫃,G8354,86779099,53406015,NA,NA,NA,NA
2015,8354,Chief Star Limited,昆山冠郝膠黏製品有限公司,1,china,0,1,0,1,0,上櫃,G8354,NA,NA,NA,NA,NA,NA
2015,8354,昆山冠郝膠黏製品有限公司,東莞高鑫膠黏製品有限公司,1,china,0,1,0,1,0,上櫃,G8354,NA,NA,NA,NA,NA,NA
2015,8354,Smart Star Investments Limited,東莞龍郝膠黏製品有限公司,1,china,0,1,0,1,0,上櫃,G8354,NA,NA,NA,NA,NA,NA
