﻿year,stock,source,target,sublist.holder,sublist.location,sublist.is_coreSource,sublist.table_source1,sublist.table_source2,sublist.table_source3,sublist.table_source4,market,group,taxcode.source,taxcode.target,china.note,X1,修正,非集團
2014,6472,大亞創業投資股份有限公司,保瑞藥業股份有限公司,NA,NA,0,0,0,0,1,興櫃,G6472,16447490,28684877,NA,NA,NA,NA
2014,6472,百川國際投資股份有限公司,保瑞藥業股份有限公司,NA,NA,0,0,0,0,1,興櫃,G6472,24476841,28684877,NA,NA,NA,NA
2014,6472,啟航貳創業投資股份有限公司,保瑞藥業股份有限公司,NA,NA,0,0,0,0,1,興櫃,G6472,53651749,28684877,NA,NA,NA,NA
2014,6472,宏誠創業投資股份有限公司,保瑞藥業股份有限公司,NA,NA,0,0,0,0,1,興櫃,G6472,84449897,28684877,NA,NA,NA,NA
2014,6472,CENTRAL CHIEF LIMITED,保瑞藥業股份有限公司,NA,NA,0,0,0,0,1,興櫃,G6472,NA,28684877,NA,NA,NA,NA
2014,6472,保瑞藥業股份有限公司,聯邦化學製藥股份有限公司,1,台灣,1,1,0,0,0,興櫃,G6472,28684877,33744404,NA,NA,NA,NA
