﻿year,stock,source,target,sublist.holder,sublist.location,sublist.is_coreSource,sublist.table_source1,sublist.table_source2,sublist.table_source3,sublist.table_source4,market,group,taxcode.source,taxcode.target,china.note,X1,修正,非集團
2016,8480,泰昇國際(控股)有限公司,TAIPOLY (FAR EAST) CORPORATION,1,模里西斯,1,1,0,0,0,上市,G8480,56255601,NA,NA,NA,NA,NA
2016,8480,泰昇國際(控股)有限公司,"TAISUN VIETNAM CO., LTD.",1,越南,1,1,0,0,0,上市,G8480,56255601,NA,NA,NA,NA,NA
2016,8480,泰昇國際(控股)有限公司,"WINSUN (CAMBODIA) CO., LTD",1,柬埔寨,1,1,0,0,0,上市,G8480,56255601,NA,NA,NA,NA,NA
2016,8480,EVERLINK OVERSEAS INC.,泰昇國際(控股)有限公司,NA,NA,0,0,0,0,1,上市,G8480,NA,56255601,NA,NA,NA,NA
2016,8480,KT LOOK INT'L INC.,泰昇國際(控股)有限公司,NA,NA,0,0,0,0,1,上市,G8480,NA,56255601,NA,NA,NA,NA
