﻿year,stock,source,target,sublist.holder,sublist.location,sublist.is_coreSource,sublist.table_source1,sublist.table_source2,sublist.table_source3,sublist.table_source4,market,group,taxcode.source,taxcode.target,china.note,X1,修正,非集團
2013,9955,佳龍科技工程股份有限公司,"Super Dragon International Co., Ltd.",1,汶萊,1,1,0,0,0,上市,G9955,97211972,NA,NA,NA,NA,NA
2013,9955,英屬維京群島商REGULAR INTERNAT,佳龍科技工程股份有限公司,NA,NA,0,0,0,0,1,上市,G9955,NA,97211972,NA,NA,NA,NA
2013,9955,柏昌投資股份有限公司,佳龍科技工程股份有限公司,NA,NA,0,0,0,0,1,上市,G9955,53749899,97211972,NA,NA,NA,NA
2013,9955,"Super Dragon International Co., Ltd.",佳龍環保科技(蘇州)有限公司,1,china,0,1,0,1,0,上市,G9955,NA,NA,NA,NA,NA,NA
2013,9955,佳龍科技工程股份有限公司,昌蒲實業股份有限公司,0.9987,台灣,1,1,0,0,0,上市,G9955,97211972,22925293,NA,NA,NA,NA
2013,9955,佳龍科技工程股份有限公司,龍蒲應用材料股份有限公司,1,台灣,1,1,0,0,0,上市,G9955,97211972,25084420,NA,NA,NA,NA
