﻿year,stock,source,target,sublist.holder,sublist.location,sublist.is_coreSource,sublist.table_source1,sublist.table_source2,sublist.table_source3,sublist.table_source4,market,group,taxcode.source,taxcode.target,china.note,X1,修正,非集團
2016,8446,華研國際音樂股份有限公司,米兔哥娛樂股份有限公司,0,台灣,1,0,1,0,0,上櫃,G8446,16842491,54649834,NA,NA,NA,NA
2016,8446,華研國際音樂股份有限公司,洗耳恭聽股份有限公司,1,台灣,1,1,0,0,0,上櫃,G8446,16842491,52345194,NA,NA,NA,NA
2016,8446,華研國際音樂股份有限公司,逆光電影股份有限公司,0.4,台灣,1,0,1,0,0,上櫃,G8446,16842491,53526623,NA,NA,NA,NA
2016,8446,華研國際音樂股份有限公司,華研音樂經紀股份有限公司,1,台灣,1,1,0,0,0,上櫃,G8446,16842491,16163556,NA,NA,NA,NA
2016,8446,中國信託創業投資股份有限公司,華研國際音樂股份有限公司,NA,NA,0,0,0,0,1,上櫃,G8446,80355806,16842491,NA,NA,NA,1
2016,8446,中華開發創業投資股份有限公司,華研國際音樂股份有限公司,NA,NA,0,0,0,0,1,上櫃,G8446,80328870,16842491,NA,NA,NA,1
2016,8446,華研國際音樂股份有限公司,HIM International Music PTE. LTD.,1,新加坡,1,1,0,0,0,上櫃,G8446,16842491,NA,NA,NA,NA,NA
2016,8446,華研國際音樂股份有限公司,HIM International SDN. BHD.,0.69,馬來西亞,1,1,0,0,0,上櫃,G8446,16842491,NA,NA,NA,NA,NA
