﻿year,stock,source,target,sublist.holder,sublist.location,sublist.is_coreSource,sublist.table_source1,sublist.table_source2,sublist.table_source3,sublist.table_source4,market,group,taxcode.source,taxcode.target,china.note,X1,修正,非集團
2015,4939,"ASIA ELECTRONIC MATERIAL HOLDING (SAMOA) CO., LTD.",AMMON TEC. INVESTMENT CORP.,1,英屬維京群島,0,1,0,0,0,上櫃,G4939,NA,NA,NA,NA,NA,NA
2015,4939,亞洲電材股份有限公司,"ASIA ELECTRONIC MATERIAL HOLDING (SAMOA) CO., LTD.",1,薩摩亞,1,1,0,0,0,上櫃,G4939,80494173,NA,NA,NA,NA,NA
2015,4939,亞洲電材股份有限公司,"BESTTRADE CO., LTD.",1,薩摩亞,1,1,0,0,0,上櫃,G4939,80494173,NA,NA,NA,NA,NA
2015,4939,亞洲電材股份有限公司,"GLOBAL-ONE TEC. CO., LTD.",1,英屬維京群島,1,1,0,0,0,上櫃,G4939,80494173,NA,NA,NA,NA,NA
2015,4939,柏群投資有限公司,亞洲電材股份有限公司,NA,NA,0,0,0,0,1,上櫃,G4939,25182885,80494173,NA,NA,NA,NA
2015,4939,棣帆貿易有限公司,亞洲電材股份有限公司,NA,NA,0,0,0,0,1,上櫃,G4939,22424657,80494173,NA,NA,NA,NA
2015,4939,AMMON TEC. INVESTMENT CORP.,昆山雅森電子材料科技有限公司,1,china,0,1,0,1,0,上櫃,G4939,NA,NA,NA,NA,NA,NA
