﻿year,stock,source,target,sublist.holder,sublist.location,sublist.is_coreSource,sublist.table_source1,sublist.table_source2,sublist.table_source3,sublist.table_source4,market,group,taxcode.source,taxcode.target,china.note,X1,修正,非集團
2013,8409,商之器科技股份有限公司,"EBM HOLDINGS (SAMOA) CO., LTD.",1,薩摩亞,1,0,1,0,0,上櫃,G8409,22743619,NA,NA,NA,NA,NA
2013,8409,商之器科技股份有限公司,EBM TECHNOLOGIES USA LLC.,1,美國,1,0,1,0,0,上櫃,G8409,22743619,NA,NA,NA,NA,NA
2013,8409,EBM Holding,北京億彼恩科技有限公司,1,不明,0,1,0,0,0,上櫃,G8409,NA,NA,NA,NA,NA,NA
2013,8409,商之器科技股份有限公司,明日生技股份有限公司,0.9999,台灣,1,0,1,0,0,上櫃,G8409,22743619,80521827,NA,NA,NA,NA
