﻿year,stock,source,target,sublist.holder,sublist.location,sublist.is_coreSource,sublist.table_source1,sublist.table_source2,sublist.table_source3,sublist.table_source4,market,group,taxcode.source,taxcode.target,china.note,X1,修正,非集團
2015,5490,Value Investment Ltd.,Coinva Ltd.,0,香港,0,1,0,0,0,上櫃,G5490,NA,NA,NA,NA,NA,NA
2015,5490,同亨科技股份有限公司,Value Investment Ltd.,1,薩摩亞,0,1,0,0,0,上櫃,G5490,84149929,NA,NA,NA,NA,NA
2015,5490,Value Investment Ltd.,"Zakus, Inc.",1,美國,0,1,0,0,0,上櫃,G5490,NA,NA,NA,NA,NA,NA
2015,5490,Value Investment Ltd.,同亨科技(蘇州)有限公司,1,china,0,1,0,0,0,上櫃,G5490,NA,NA,NA,NA,NA,NA
2015,5490,富禮投資股份有限公司,同亨科技股份有限公司,NA,NA,0,0,0,0,1,上櫃,G5490,16045453,84149929,NA,NA,NA,NA
2015,5490,研鑫投資股份有限公司,同亨科技股份有限公司,NA,NA,0,0,0,0,1,上櫃,G5490,70760448,84149929,NA,NA,NA,NA
