﻿year,stock,source,target,sublist.holder,sublist.location,sublist.is_coreSource,sublist.table_source1,sublist.table_source2,sublist.table_source3,sublist.table_source4,market,group,taxcode.source,taxcode.target,china.note,X1,修正,非集團
2016,8444,綠河股份有限公司,"Green River Panels (Thailand) Co., Ltd.",1,泰國,1,0,1,0,0,上櫃,G8444,54387326,NA,NA,NA,NA,NA
2016,8444,"Green River Wood & Lumber Manufacturing (Thailand) Co., Ltd.","Green River Parawood Co., Ltd.",0.4839,不明,0,1,0,0,0,上櫃,G8444,NA,NA,NA,NA,NA,NA
2016,8444,綠河股份有限公司,"Green River Wood & Lumber Manufacturing (Thailand) Co., Ltd.",1,泰國,1,1,0,0,0,上櫃,G8444,54387326,NA,NA,NA,NA,NA
2016,8444,"Green River Parawood Co., Ltd.","Thiland Nature Resource Co., Ltd.",1,泰國,0,0,1,0,0,上櫃,G8444,NA,NA,NA,NA,NA,NA
2016,8444,GREEN SOURCE INVESTMENTS LTD綠源投資有限公司,綠河股份有限公司,NA,NA,0,0,0,0,1,上櫃,G8444,NA,54387326,NA,NA,NA,NA
2016,8444,CHIN TAI HOLDING INC.,綠河股份有限公司,NA,NA,0,0,0,0,1,上櫃,G8444,NA,54387326,NA,NA,NA,NA
2016,8444,FORWARD THINKING LIMITED,綠河股份有限公司,NA,NA,0,0,0,0,1,上櫃,G8444,NA,54387326,NA,NA,NA,NA
2016,8444,PARK ISLAND ENTERPRISES LIMITED,綠河股份有限公司,NA,NA,0,0,0,0,1,上櫃,G8444,NA,54387326,NA,NA,NA,NA
