﻿year,stock,source,target,sublist.holder,sublist.location,sublist.is_coreSource,sublist.table_source1,sublist.table_source2,sublist.table_source3,sublist.table_source4,market,group,taxcode.source,taxcode.target,china.note,X1,修正,非集團
2013,6153,嘉聯益科技股份有限公司,Conduct Investments Ltd.,1,英屬維京群島,0,1,0,0,0,上市,G6153,86980046,NA,NA,NA,NA,NA
2013,6153,嘉聯益科技股份有限公司,Plenty Enterprises Ltd.,1,英屬維京群島,0,1,0,0,0,上市,G6153,86980046,NA,NA,NA,NA,NA
2013,6153,嘉聯益科技股份有限公司,"Skyline Views Co., Ltd.",1,英屬維京群島,0,1,0,0,0,上市,G6153,86980046,NA,NA,NA,NA,NA
2013,6153,Conduct Investments Ltd.,百祥企業(香港)有限公司,1,香港,0,1,0,0,0,上市,G6153,NA,NA,NA,NA,NA,NA
2013,6153,嘉聯益(新加坡)公司,嘉聯益(昆山)公司,1,中國大陸,0,0,1,0,0,上市,G6153,NA,NA,NA,NA,NA,NA
2013,6153,嘉聯益(新加坡)公司,嘉聯益(深圳)公司,1,中國大陸,0,0,1,0,0,上市,G6153,NA,NA,NA,NA,NA,NA
2013,6153,嘉聯益科技股份有限公司,嘉聯益(新加坡)公司,1,新加坡,0,0,1,0,0,上市,G6153,NA,NA,NA,NA,NA,NA
2013,6153,Conduct Investments Ltd.,嘉聯益(蘇州)公司,1,中國大陸,0,0,1,0,0,上市,G6153,NA,NA,NA,NA,NA,NA
