﻿year,stock,source,target,sublist.holder,sublist.location,sublist.is_coreSource,sublist.table_source1,sublist.table_source2,sublist.table_source3,sublist.table_source4,market,group,taxcode.source,taxcode.target,china.note,X1,修正,非集團
2016,8429,Jinli Group Holdings Limited,Dragon Flair Limited,1,英屬維京群島,0,1,0,0,0,上市,G8429,NA,NA,NA,NA,NA,NA
2016,8429,Topoint Group Limited,"Gold Apple (HK) Int'l Trading Co., Limited",1,香港,0,1,0,0,0,上市,G8429,NA,NA,NA,NA,NA,NA
2016,8429,金麗集團控股有限公司,Jinli Group Holdings Limited,1,百慕達群島,1,1,0,0,0,上市,G8429,53659910,NA,NA,NA,NA,NA
2016,8429,Dragon Flair Limited,Million Win Creation Limited,1,香港,0,1,0,0,0,上市,G8429,NA,NA,NA,NA,NA,NA
2016,8429,Jinli Group Holdings Limited,Topoint Group Limited,1,英屬維京群島,0,1,0,0,0,上市,G8429,NA,NA,NA,NA,NA,NA
2016,8429,"Gold Apple (HK) Int'l Trading Co., Limited",金蘋果(中國)有限公司,1,china,0,1,0,1,0,上市,G8429,NA,NA,NA,NA,NA,NA
2016,8429,金蘋果(中國)有限公司,長泰金蘋果實業有限公司,1,china,0,1,0,1,0,上市,G8429,NA,NA,NA,NA,NA,NA
2016,8429,Million Win Creation Limited,愛奇(福建)鞋塑有限公司 ,1,china,0,1,0,1,0,上市,G8429,NA,NA,NA,NA,NA,NA
2016,8429,金麗集團控股有限公司,領先國際生物科技股份有限公司,0.51,台灣,1,1,0,0,0,上市,G8429,53659910,42825743,NA,NA,NA,NA
