﻿year,stock,source,target,sublist.holder,sublist.location,sublist.is_coreSource,sublist.table_source1,sublist.table_source2,sublist.table_source3,sublist.table_source4,market,group,taxcode.source,taxcode.target,china.note,X1,修正,非集團
2013,8940,新天地國際實業股份有限公司,Fu-Sheng Investment Ltd.,1,塞席爾,1,1,0,0,0,上市,G8940,84435578,NA,NA,NA,NA,NA
2013,8940,新天地國際實業股份有限公司,Most Fortune Investment Ltd.,0.58,香港,1,1,0,0,0,上市,G8940,84435578,NA,NA,NA,NA,NA
2013,8940,新天地國際實業股份有限公司,New Palace公司,0,不明,1,1,0,0,0,上市,G8940,84435578,NA,NA,NA,NA,NA
2013,8940,Fu-Sheng Investment Ltd.,福勝新天地(上海)實業有限公司,1,china,0,1,0,1,0,上市,G8940,NA,NA,NA,NA,NA,NA
2013,8940,Most Fortune Investment Ltd.,哈爾濱福全新天地餐飲管理有限公司,0.6,china,0,1,0,1,0,上市,G8940,NA,NA,NA,NA,NA,NA
2013,8940,新天地國際實業股份有限公司,食逸股份有限公司,0.7,台灣,1,1,0,0,0,上市,G8940,84435578,53804148,NA,NA,NA,NA
2013,8940,歐氏投資股份有限公司,新天地國際實業股份有限公司,NA,NA,0,0,0,0,1,上市,G8940,16916818,84435578,NA,NA,NA,NA
2013,8940,喜沃投資股份有限公司,新天地國際實業股份有限公司,NA,NA,0,0,0,0,1,上市,G8940,16923120,84435578,NA,NA,NA,NA
2013,8940,New Palace公司,魯能新天地公司,0,不明,0,1,0,0,0,上市,G8940,NA,NA,NA,NA,NA,NA
