﻿year,stock,source,target,sublist.holder,sublist.location,sublist.is_coreSource,sublist.table_source1,sublist.table_source2,sublist.table_source3,sublist.table_source4,market,group,taxcode.source,taxcode.target,china.note,X1,修正,非集團
2014,9929,英屬維京群島秋雨開發公司,Choice Printing LTD.,1,英屬維京群島,0,1,0,0,0,上市,G9929,NA,NA,NA,NA,NA,NA
2014,9929,秋雨印刷(上海)公司,上海秋雨文化公司,0.75,china,0,1,0,1,0,上市,G9929,NA,NA,NA,NA,NA,NA
2014,9929,Choice Printing LTD.,秋雨印刷(上海)公司,0.795,china,0,1,0,1,0,上市,G9929,NA,NA,NA,NA,NA,NA
2014,9929,勝柏投資(亞洲)有限公司,秋雨印刷(上海)公司,0.205,china,0,1,0,0,0,上市,G9929,NA,NA,NA,NA,NA,NA
2014,9929,德惠投資有限公司,秋雨創新股份有限公司,NA,NA,0,0,0,0,1,上市,G9929,70379596,69439272,NA,NA,NA,NA
2014,9929,宇建實業股份有限公司,秋雨創新股份有限公司,NA,NA,0,0,0,0,1,上市,G9929,27984398,69439272,NA,NA,NA,NA
2014,9929,秋雨創新股份有限公司,英屬維京群島秋雨開發公司,1,英屬維京群島,1,1,0,0,0,上市,G9929,69439272,NA,NA,NA,NA,NA
2014,9929,英屬維京群島秋雨開發公司,勝柏投資(亞洲)有限公司,1,香港,0,1,0,0,0,上市,G9929,NA,NA,NA,NA,NA,NA
