﻿year,stock,source,target,sublist.holder,sublist.location,sublist.is_coreSource,sublist.table_source1,sublist.table_source2,sublist.table_source3,sublist.table_source4,market,group,taxcode.source,taxcode.target,china.note,X1,修正,非集團
2014,6482,弘煜科技事業股份有限公司,Cosmos Note Inc.,1,日本,1,1,0,0,0,興櫃,G6482,25064206,NA,NA,NA,NA,NA
2014,6482,弘煜科技事業股份有限公司,"Fun Yours Japan Co., Ltd.",0.92,日本,1,1,0,0,0,興櫃,G6482,25064206,NA,NA,NA,NA,NA
2014,6482,再投資大陸公司,北京寰宇之星軟體有限公司,0.0966,china,0,0,0,1,0,興櫃,G6482,NA,NA,11,NA,NA,NA
2014,6482,弘力數位股份有限公司,弘煜科技事業股份有限公司,NA,NA,0,0,0,0,1,上櫃,G6482,84845947,25064206,NA,NA,NA,NA
2014,6482,宇峻奧汀科技股份有限公司,弘煜科技事業股份有限公司,NA,NA,0,0,0,0,1,上櫃,G6482,89521257,25064206,NA,NA,NA,NA
2014,6482,智冠科技股份有限公司,弘煜科技事業股份有限公司,NA,NA,0,0,0,0,1,上櫃,G6482,81231585,25064206,NA,NA,NA,NA
