﻿year,stock,source,target,sublist.holder,sublist.location,sublist.is_coreSource,sublist.table_source1,sublist.table_source2,sublist.table_source3,sublist.table_source4,market,group,taxcode.source,taxcode.target,china.note,X1,修正,非集團
2016,5291,邑昇實業股份有限公司,"EISO Enterprise USA, Inc.",1,美國,1,1,0,0,0,上櫃,G5291,84808400,NA,NA,NA,NA,NA
2016,5291,邑昇實業股份有限公司,"EISUN Enterprise Co., Ltd.",1,模里西斯,1,1,0,0,0,上櫃,G5291,84808400,NA,NA,NA,NA,NA
2016,5291,邑昇順(蘇州)電子有限公司,中山市邑昇光電有限公司,1,china,0,1,0,1,0,上櫃,G5291,NA,NA,NA,NA,NA,NA
2016,5291,邑昇實業股份有限公司,百竟工業股份有限公司,0.3,台灣,1,0,1,0,0,上櫃,G5291,84808400,22486822,NA,NA,NA,NA
2016,5291,"EISUN Enterprise Co., Ltd.",邑佳安麗電子(深圳)有限公司,1,china,0,1,0,1,0,上櫃,G5291,NA,NA,NA,NA,NA,NA
2016,5291,"EISUN Enterprise Co., Ltd.",邑昇順(蘇州)電子有限公司,1,china,0,1,0,1,0,上櫃,G5291,NA,NA,NA,NA,NA,NA
2016,5291,邑昇實業股份有限公司,優能量股份有限公司,0.6,台灣,1,1,0,0,0,上櫃,G5291,84808400,42774890,NA,NA,NA,NA
