﻿year,stock,source,target,sublist.holder,sublist.location,sublist.is_coreSource,sublist.table_source1,sublist.table_source2,sublist.table_source3,sublist.table_source4,market,group,taxcode.source,taxcode.target,china.note,X1,修正,非集團
2014,8271,宇瞻科技股份有限公司,Apacer Memory America Inc.,1,美國,1,1,0,0,0,上市,G8271,NA,NA,NA,NA,NA,NA
2014,8271,宇瞻科技股份有限公司,Apacer Technologies Private Limited,1,印度,1,1,0,0,0,上市,G8271,NA,NA,NA,NA,NA,NA
2014,8271,宇瞻科技股份有限公司,Apacer Technology (BVI) Inc.,1,英屬維京群島,1,1,0,0,0,上市,G8271,97444368,NA,NA,NA,NA,NA
2014,8271,宇瞻科技股份有限公司,Apacer Technology B.V.,1,荷蘭,1,1,0,0,0,上市,G8271,97444368,NA,NA,NA,NA,NA
2014,8271,宇瞻科技股份有限公司,Apacer Technology Japan Corp.,1,日本,1,1,0,0,0,上市,G8271,97444368,NA,NA,NA,NA,NA
2014,8271,Apacer Technology (BVI) Inc.,宇瞻電子(上海)有限公司,1,不明,0,1,0,0,0,上市,G8271,NA,NA,NA,NA,NA,NA
2014,8271,宇瞻科技股份有限公司,宏域有限公司,1,香港,1,1,0,0,0,上市,G8271,97444368,NA,NA,NA,NA,NA
2014,8271,宇瞻科技股份有限公司,虹映科技股份有限公司,0.3363,台灣,1,0,1,0,0,上市,G8271,97444368,54790017,NA,NA,NA,NA
