﻿year,stock,source,target,sublist.holder,sublist.location,sublist.is_coreSource,sublist.table_source1,sublist.table_source2,sublist.table_source3,sublist.table_source4,market,group,taxcode.source,taxcode.target,china.note,X1,修正,非集團
2014,8440,綠電再生股份有限公司,山東中綠資源再生有限公司,0.34,china,0,0,0,1,0,興櫃,G8440,16636181,NA,11,NA,NA,NA
2014,8440,普騰電子工業股份有限公司,綠電再生股份有限公司,NA,NA,0,0,0,0,1,興櫃,G8440,33676525,16636181,NA,NA,NA,1
2014,8440,台灣松下電器股份有限公司,綠電再生股份有限公司,NA,NA,0,0,0,0,1,興櫃,G8440,33385300,16636181,NA,NA,NA,1
2014,8440,東元電機股份有限公司,綠電再生股份有限公司,NA,NA,0,0,0,0,1,興櫃,G8440,11332202,16636181,NA,NA,NA,1
2014,8440,台灣三洋電機股份有限公司,綠電再生股份有限公司,NA,NA,0,0,0,0,1,興櫃,G8440,03564501,16636181,NA,NA,NA,1
2014,8440,夏寶股份有限公司,綠電再生股份有限公司,NA,NA,0,0,0,0,1,興櫃,G8440,23527744,16636181,NA,NA,NA,1
2014,8440,台灣日立股份有限公司,綠電再生股份有限公司,NA,NA,0,0,0,0,1,興櫃,G8440,11915305,16636181,NA,NA,NA,1
2014,8440,綠電再生股份有限公司,綠電資源開發股份有限公司,1,台灣,1,1,0,0,0,興櫃,G8440,16636181,53712437,NA,NA,NA,NA
2014,8440,綠電再生股份有限公司,穎電實業有限公司,0.3333,台灣,1,0,1,0,0,興櫃,G8440,16636181,53935227,NA,NA,NA,NA
