﻿year,stock,source,target,sublist.holder,sublist.location,sublist.is_coreSource,sublist.table_source1,sublist.table_source2,sublist.table_source3,sublist.table_source4,market,group,taxcode.source,taxcode.target,china.note,X1,修正,非集團
2013,8440,普騰電子工業股份有限公司,綠電再生股份有限公司,NA,NA,0,0,0,0,1,興櫃,G8440,33676525,16636181,NA,NA,NA,1
2013,8440,台灣松下電器股份有限公司,綠電再生股份有限公司,NA,NA,0,0,0,0,1,興櫃,G8440,33385300,16636181,NA,NA,NA,1
2013,8440,東元電機股份有限公司,綠電再生股份有限公司,NA,NA,0,0,0,0,1,興櫃,G8440,11332202,16636181,NA,NA,NA,1
2013,8440,台灣三洋電機股份有限公司,綠電再生股份有限公司,NA,NA,0,0,0,0,1,興櫃,G8440,03564501,16636181,NA,NA,NA,1
2013,8440,夏寶股份有限公司,綠電再生股份有限公司,NA,NA,0,0,0,0,1,興櫃,G8440,23527744,16636181,NA,NA,NA,1
2013,8440,台灣日立股份有限公司,綠電再生股份有限公司,NA,NA,0,0,0,0,1,興櫃,G8440,11915305,16636181,NA,NA,NA,1
