﻿year,stock,source,target,sublist.holder,sublist.location,sublist.is_coreSource,sublist.table_source1,sublist.table_source2,sublist.table_source3,sublist.table_source4,market,group,taxcode.source,taxcode.target,china.note,X1,修正,非集團
2015,5240,ACTi International Corporation,ACTi Corporation Inc.,1,美國,0,0,1,0,0,興櫃,G5240,NA,NA,NA,NA,NA,NA
2015,5240,建騰創達科技股份有限公司,ACTi International Corporation,1,汶萊,1,0,1,0,0,興櫃,G5240,80503736,NA,NA,NA,NA,NA
2015,5240,基業長青投資股份有限公司,建騰創達科技股份有限公司,NA,NA,0,0,0,0,1,興櫃,G5240,29051891,80503736,NA,NA,NA,NA
2015,5240,治一大道投資有限公司,建騰創達科技股份有限公司,NA,NA,0,0,0,0,1,興櫃,G5240,25115654,80503736,NA,NA,NA,NA
2015,5240,宏誠創業投資股份有限公司,建騰創達科技股份有限公司,NA,NA,0,0,0,0,1,興櫃,G5240,84449897,80503736,NA,NA,NA,NA
