﻿year,stock,source,target,sublist.holder,sublist.location,sublist.is_coreSource,sublist.table_source1,sublist.table_source2,sublist.table_source3,sublist.table_source4,market,group,taxcode.source,taxcode.target,china.note,X1,修正,非集團
2015,8242,晶訊科技股份有限公司,CC&C Corporation,1,薩摩亞,1,1,0,0,0,公開發行,G8242,84628723,NA,NA,NA,NA,NA
2015,8242,晶訊科技股份有限公司,E-Tech Offshore Group Ltd.,1,英屬維京群島,1,1,0,0,0,公開發行,G8242,84628723,NA,NA,NA,NA,NA
2015,8242,華晶開發顧問股份有限公司,晶訊科技股份有限公司,NA,NA,0,0,0,0,1,公開發行,G8242,97292756,84628723,NA,NA,NA,NA
2015,8242,實聯股份有限公司,晶訊科技股份有限公司,NA,NA,0,0,0,0,1,公開發行,G8242,80204322,84628723,NA,NA,NA,NA
2015,8242,E-Tech Offshore Group Ltd.,晶通信息(上海)有限公司,1,china,0,1,0,1,0,公開發行,G8242,NA,NA,NA,NA,NA,NA
2015,8242,E-Tech Offshore Group Ltd.,晶通電子(昆山)有限公司,1,china,0,1,0,1,0,公開發行,G8242,NA,NA,NA,NA,NA,NA
