﻿year,stock,source,target,sublist.holder,sublist.location,sublist.is_coreSource,sublist.table_source1,sublist.table_source2,sublist.table_source3,sublist.table_source4,market,group,taxcode.source,taxcode.target,china.note,X1,修正,非集團
2015,8150,南茂科技股份有限公司,ChipMOS TECHNOLOGIES (BVI) LTD.,1,英屬維京群島,1,1,0,0,0,上市,G8150,16130042,NA,NA,NA,NA,NA
2015,8150,南茂科技股份有限公司,"ChipMOS U.S.A., Inc.",1,美國,1,1,0,0,0,上市,G8150,16130042,NA,NA,NA,NA,NA
2015,8150,泰林科技股份有限公司,MODERN MIND TECHNOLOGY LIMITED,0,英屬維京群島,0,1,0,0,0,上市,G8150,96977956,NA,NA,NA,NA,NA
2015,8150,ChipMOS TECHNOLOGIES (BVI) LTD.,宏茂微電子(上海)有限公司,1,china,0,1,0,1,0,上市,G8150,NA,NA,NA,NA,NA,NA
2015,8150,南茂科技股份有限公司,易華電子股份有限公司,0.21,台灣,1,0,1,0,0,上市,G8150,16130042,76025826,NA,NA,NA,NA
2015,8150,百慕達商南茂科技股份有限公司,南茂科技股份有限公司,NA,NA,0,0,0,0,1,上市,G8150,NA,16130042,NA,NA,NA,NA
2015,8150,南茂科技股份有限公司,泰林科技股份有限公司,0,台灣,1,1,0,0,0,上市,G8150,16130042,96977956,NA,NA,NA,NA
