﻿year,stock,source,target,sublist.holder,sublist.location,sublist.is_coreSource,sublist.table_source1,sublist.table_source2,sublist.table_source3,sublist.table_source4,market,group,taxcode.source,taxcode.target,china.note,X1,修正,非集團
2013,6183,Trade-Van (BVI) Information Service Co. Limited,Tradeglobal Investment (Hong Kong) Limited,1,香港,0,1,0,0,0,上市,G6183,NA,NA,NA,NA,NA,NA
2013,6183,關貿網路股份有限公司,Trade-Van (BVI) Information Service Co. Limited,1,英屬維京群島,1,1,0,0,0,上市,G6183,97162640,NA,NA,NA,NA,NA
2013,6183,Trade-Van (BVI) Information Service Co. Limited,Tradeway Trading (Samoa) Limited,1,薩摩亞,0,1,0,0,0,上市,G6183,NA,NA,NA,NA,NA,NA
2013,6183,Tradeglobal Investment (Hong Kong) Limited,貿鴻信息技術(上海)有限公司,1,china,0,1,0,1,0,上市,G6183,NA,NA,NA,NA,NA,NA
2013,6183,財政部,關貿網路股份有限公司,NA,NA,0,0,0,0,1,上市,G6183,NA,97162640,NA,NA,NA,NA
2013,6183,台灣陸地投資股份有限公司,關貿網路股份有限公司,NA,NA,0,0,0,0,1,上市,G6183,16769267,97162640,NA,NA,NA,NA
2013,6183,長榮航空股份有限公司,關貿網路股份有限公司,NA,NA,0,0,0,0,1,上市,G6183,23225229,97162640,NA,NA,NA,NA
2013,6183,兆豐國際商業銀行股份有限公司,關貿網路股份有限公司,NA,NA,0,0,0,0,1,上市,G6183,03705903,97162640,NA,NA,NA,NA
2013,6183,宏普建設股份有限公司,關貿網路股份有限公司,NA,NA,0,0,0,0,1,上市,G6183,23113054,97162640,NA,NA,NA,NA
