﻿year,stock,source,target,sublist.holder,sublist.location,sublist.is_coreSource,sublist.table_source1,sublist.table_source2,sublist.table_source3,sublist.table_source4,market,group,taxcode.source,taxcode.target,china.note,X1,修正,非集團
2015,8399,"UFPC GROUP HOLDING CO., LTD.","GOLDENWOOD CO., LTD.",0.51,不明,0,1,0,0,0,公開發行,G8399,NA,NA,NA,NA,NA,NA
2015,8399,"UFPC GROUP HOLDING CO., LTD.",GRAND HOPE INC.,0,不明,0,1,0,0,0,公開發行,G8399,NA,NA,NA,NA,NA,NA
2015,8399,RADIANT SPLENDOR LTD.,GRAND HOPE INC.,1,不明,0,1,0,0,0,公開發行,G8399,NA,NA,NA,NA,NA,NA
2015,8399,"UFPC GROUP HOLDING CO., LTD.","OBAU CO., LTD.",0,不明,0,1,0,0,0,公開發行,G8399,NA,NA,NA,NA,NA,NA
2015,8399,RADIANT SPLENDOR LTD.,"OBAU CO., LTD.",1,不明,0,1,0,0,0,公開發行,G8399,NA,NA,NA,NA,NA,NA
2015,8399,"UFPC GROUP HOLDING CO., LTD.",RADIANT SPLENDOR LTD.,0.7714,不明,0,1,0,0,0,公開發行,G8399,NA,NA,NA,NA,NA,NA
2015,8399,"UFPC GROUP HOLDING CO., LTD.","SOUTHWOOD FOREST PRODUCTS CO.,LTD",0,不明,0,1,0,0,0,公開發行,G8399,NA,NA,NA,NA,NA,NA
2015,8399,聯美林業股份有限公司,"UFPC GROUP HOLDING CO., LTD.",1,不明,1,1,0,0,0,公開發行,G8399,89507038,NA,NA,NA,NA,NA
2015,8399,GRAND HOPE INC.,立川木業(太倉)有限公司,1,china,0,1,0,1,0,公開發行,G8399,NA,NA,NA,NA,NA,NA
2015,8399,聯美林業股份有限公司,森杉設計工程有限公司,1,不明,1,1,0,0,0,公開發行,G8399,89507038,28774976,NA,NA,NA,NA
2015,8399,塞席爾商PERFECT ARCH INC.,聯美林業股份有限公司,NA,NA,0,0,0,0,1,公開發行,G8399,NA,89507038,NA,NA,NA,NA
