﻿year,stock,source,target,sublist.holder,sublist.location,sublist.is_coreSource,sublist.table_source1,sublist.table_source2,sublist.table_source3,sublist.table_source4,market,group,taxcode.source,taxcode.target,china.note,X1,修正,非集團
2016,9950,萬國通路股份有限公司,Emienet Europe GmbH,1,不明,1,1,0,0,0,上櫃,G9950,73644351,NA,NA,NA,NA,NA
2016,9950,萬國通路股份有限公司,Eminent Europe GmbH,1,德國,1,0,1,0,0,上櫃,G9950,73644351,NA,NA,NA,NA,NA
2016,9950,萬國通路股份有限公司,EMINENT LUGGAGE LIMITED,1,英屬維京群島,1,1,0,0,0,上櫃,G9950,73644351,NA,NA,NA,NA,NA
2016,9950,EMINENT LUGGAGE LIMITED,安邁特提箱(東莞)有限公司,1,china,0,1,0,1,0,上櫃,G9950,NA,NA,NA,NA,NA,NA
2016,9950,頂富投資股份有限公司,萬國通路股份有限公司,NA,NA,0,0,0,0,1,上櫃,G9950,16711836,73644351,NA,NA,NA,NA
2016,9950,宜里開發股份有限公司,萬國通路股份有限公司,NA,NA,0,0,0,0,1,上櫃,G9950,54085645,73644351,NA,NA,NA,NA
