﻿year,stock,source,target,sublist.holder,sublist.location,sublist.is_coreSource,sublist.table_source1,sublist.table_source2,sublist.table_source3,sublist.table_source4,market,group,taxcode.source,taxcode.target,china.note,X1,修正,非集團
2014,8401,BS INTERNATIONAL (SAMOA) INC.,BAISHA HOLDING (SAMOA) INC.,1,薩摩亞,0,1,0,0,0,上櫃,G8401,70730281,NA,NA,NA,NA,NA
2014,8401,白紗科技印刷股份有限公司,BS INTERNATIONAL (SAMOA) INC.,1,薩摩亞,1,1,0,0,0,上櫃,G8401,70730281,NA,NA,NA,NA,NA
2014,8401,BAISHA HOLDING (SAMOA) INC.,上海白紗紙品印刷有限公司,1,china,0,1,0,1,0,上櫃,G8401,NA,NA,NA,NA,NA,NA
2014,8401,上海白紗紙品印刷有限公司,上海白藍印刷有限公司,0,china,0,1,0,0,0,上櫃,G8401,NA,NA,NA,NA,NA,NA
2014,8401,BS INTERNATIONAL (SAMOA) INC.,北京白紗印刷有限公司,0,china,0,1,0,1,0,上櫃,G8401,NA,NA,NA,NA,NA,NA
2014,8401,北京白紗印刷有限公司,北京白藍廣告有限公司,0,china,0,1,0,0,0,上櫃,G8401,NA,NA,NA,NA,NA,NA
2014,8401,上海白紗紙品印刷有限公司,白紗紙品(蘇州)有限公司,0,china,0,1,0,0,0,上櫃,G8401,NA,NA,NA,NA,NA,NA
