﻿year,stock,source,target,sublist.holder,sublist.location,sublist.is_coreSource,sublist.table_source1,sublist.table_source2,sublist.table_source3,sublist.table_source4,market,group,taxcode.source,taxcode.target,china.note,X1,修正,非集團
2015,5475,德宏工業股份有限公司,GLOTECH INDUSTRIAL CORP.,1,英屬維京群島,1,1,0,0,0,上櫃,G5475,97178087,NA,NA,NA,NA,NA
2015,5475,GLOTECH INDUSTRIAL CORP.,GLOTECH INTERNATIONAL CORP.,1,開曼群島,0,1,0,0,0,上櫃,G5475,NA,NA,NA,NA,NA,NA
2015,5475,德宏工業股份有限公司,泰麟股份有限公司,1,台灣,1,1,0,0,0,上櫃,G5475,97178087,27392205,NA,NA,NA,NA
2015,5475,德宏工業股份有限公司,德宇複合材料股份有限公司,0.6,台灣,1,1,0,0,0,上櫃,G5475,97178087,24889483,NA,NA,NA,NA
2015,5475,創富投資股份有限公司,德宏工業股份有限公司,NA,NA,0,0,0,0,1,上櫃,G5475,97176145,97178087,NA,NA,NA,NA
2015,5475,GLOTECH INTERNATIONAL CORP.,德宏電子(蘇州)有限公司,1,china,0,1,0,1,0,上櫃,G5475,NA,NA,NA,NA,NA,NA
2015,5475,德宏工業股份有限公司,德福投資股份有限公司,1,台灣,1,1,0,0,0,上櫃,G5475,97178087,79966934,NA,NA,NA,NA
2015,5475,德宏工業股份有限公司,德興科技材料股份有限公司,0.8016,台灣,1,1,0,0,0,上櫃,G5475,97178087,97454219,NA,NA,NA,NA
