﻿year,stock,source,target,sublist.holder,sublist.location,sublist.is_coreSource,sublist.table_source1,sublist.table_source2,sublist.table_source3,sublist.table_source4,market,group,taxcode.source,taxcode.target,china.note,X1,修正,非集團
2015,8942,森鉅科技材料股份有限公司,安森科技材料股份有限公司,0.5,台灣,1,1,0,0,0,上櫃,G8942,89845559,54066561,NA,NA,NA,NA
2015,8942,森鉅科技材料股份有限公司,東樺金屬系統開發股份有限公司,0.3,台灣,1,0,1,0,0,上櫃,G8942,89845559,80043277,NA,NA,NA,NA
2015,8942,森鉅科技材料股份有限公司,森啟股份有限公司,1,台灣,1,1,0,0,0,上櫃,G8942,89845559,86827304,NA,NA,NA,NA
2015,8942,森鉅科技材料股份有限公司,森鉅江門科技材料有限公司,0.6,不明,1,1,0,0,0,上櫃,G8942,89845559,NA,NA,NA,NA,NA
2015,8942,森鉅科技材料股份有限公司,陽昇綠能科技股份有限公司,1,台灣,1,1,0,0,0,上櫃,G8942,89845559,53366415,NA,NA,NA,NA
