﻿year,stock,source,target,sublist.holder,sublist.location,sublist.is_coreSource,sublist.table_source1,sublist.table_source2,sublist.table_source3,sublist.table_source4,market,group,taxcode.source,taxcode.target,china.note,X1,修正,非集團
2013,8928,鉅明股份有限公司,Dynamic Precision Casting MFG,1,不明,1,1,0,0,0,上櫃,G8928,85634075,NA,NA,NA,NA,NA
2013,8928,鉅明股份有限公司,日本G.G.C.公司,1,日本,1,1,0,0,0,上櫃,G8928,85634075,NA,NA,NA,NA,NA
2013,8928,元喜投資股份有限公司,鉅明股份有限公司,NA,NA,0,0,0,0,1,上櫃,G8928,16122161,85634075,NA,NA,NA,NA
2013,8928,Dynamic Precision Casting MFG,廣州鉅東娛樂用品有限公司,1,china,0,1,0,1,0,上櫃,G8928,NA,NA,NA,NA,NA,NA
2013,8928,鉅明股份有限公司,廣州鉅東娛樂用品有限公司,1,中國大陸,1,0,1,0,0,上櫃,G8928,85634075,NA,NA,NA,NA,NA
2013,8928,鉅明股份有限公司,德國旺來公司,1,德國,1,1,0,0,0,上櫃,G8928,85634075,NA,NA,NA,NA,NA
