﻿year,stock,source,target,sublist.holder,sublist.location,sublist.is_coreSource,sublist.table_source1,sublist.table_source2,sublist.table_source3,sublist.table_source4,market,group,taxcode.source,taxcode.target,china.note,X1,修正,非集團
2013,4973,廣穎電通股份有限公司,Silicon PowerComputer &CommunicationsHK Ltd.,1,香港,1,1,0,0,0,上櫃,G4973,80161908,NA,NA,NA,NA,NA
2013,4973,廣穎電通股份有限公司,Silicon PowerComputer &CommunicationsNetherlands B.V.,1,荷蘭,1,1,0,0,0,上櫃,G4973,80161908,NA,NA,NA,NA,NA
2013,4973,廣穎電通股份有限公司,Silicon PowerComputer &CommunicationsUSA Inc.,1,美國,1,1,0,0,0,上櫃,G4973,80161908,NA,NA,NA,NA,NA
2013,4973,廣穎電通股份有限公司,"Silicon PowerInvestment Co., Ltd.",1,薩摩亞,1,1,0,0,0,上櫃,G4973,80161908,NA,NA,NA,NA,NA
2013,4973,廣穎電通股份有限公司,"Silicon PowerJapan Co.,Ltd.",1,日本,1,1,0,0,0,上櫃,G4973,80161908,NA,NA,NA,NA,NA
2013,4973,兆豐國際商業銀行股份有限公司,廣穎電通股份有限公司,NA,NA,0,0,0,0,1,上櫃,G4973,03705903,80161908,NA,NA,NA,1
2013,4973,廣穎電通股份有限公司,廣鑫電子股份有限公司,1,台灣,1,1,0,0,0,上櫃,G4973,80161908,24490230,NA,NA,NA,NA
