﻿year,stock,source,target,sublist.holder,sublist.location,sublist.is_coreSource,sublist.table_source1,sublist.table_source2,sublist.table_source3,sublist.table_source4,market,group,taxcode.source,taxcode.target,china.note,X1,修正,非集團
2014,8097,常珵科技股份有限公司,"L&K Precision Industry Co.,Ltd",1,英屬維京群島,1,1,0,0,0,上櫃,G8097,22206879,NA,NA,NA,NA,NA
2014,8097,"L&K Precision Industry Co.,Ltd",L&K Technology LLC,1,美國,0,1,0,0,0,上櫃,G8097,NA,NA,NA,NA,NA,NA
2014,8097,"L&K Precision Industry Co.,Ltd","Mobiltech Co.,Ltd.",1,模里西斯,0,1,0,0,0,上櫃,G8097,NA,NA,NA,NA,NA,NA
2014,8097,再投資大陸公司,上海旭竑電子貿易有限公司,0,china,0,0,0,1,0,上櫃,G8097,NA,NA,11,NA,NA,NA
2014,8097,常珵科技股份有限公司,固璟科技股份有限公司,0.1351,台灣,1,0,1,0,0,上櫃,G8097,22206879,53728450,NA,NA,NA,NA
2014,8097,再投資大陸公司,東莞鴻松精密電子有限公司,0,china,0,0,0,1,0,上櫃,G8097,NA,NA,11,NA,NA,NA
2014,8097,鴻泉投資股份有限公司,常珵科技股份有限公司,NA,NA,0,0,0,0,1,上櫃,G8097,89903810,22206879,NA,NA,NA,NA
2014,8097,再投資大陸公司,鴻松精密科技(杭州)有限公司,0,china,0,0,0,1,0,上櫃,G8097,NA,NA,11,NA,NA,NA
