﻿year,stock,source,target,sublist.holder,sublist.location,sublist.is_coreSource,sublist.table_source1,sublist.table_source2,sublist.table_source3,sublist.table_source4,market,group,taxcode.source,taxcode.target,china.note,X1,修正,非集團
2015,7443,凡事康流體科技股份有限公司,Fluxtek International (HK) Limited,1,香港,1,1,0,0,0,興櫃,G7443,70401437,NA,NA,NA,NA,NA
2015,7443,註德投資有限公司,凡事康流體科技股份有限公司,NA,NA,0,0,0,0,1,興櫃,G7443,53896553,70401437,NA,NA,NA,NA
2015,7443,行願投資有限公司,凡事康流體科技股份有限公司,NA,NA,0,0,0,0,1,興櫃,G7443,54635058,70401437,NA,NA,NA,NA
2015,7443,奉善行投資有限公司,凡事康流體科技股份有限公司,NA,NA,0,0,0,0,1,興櫃,G7443,53894561,70401437,NA,NA,NA,NA
2015,7443,凡事康流體科技股份有限公司,葳錦興業股份有限公司,0.244,台灣,1,0,1,0,0,興櫃,G7443,70401437,12625938,NA,NA,NA,NA
2015,7443,凡事康流體科技股份有限公司,齊立水資源股份有限公司,1,台灣,1,1,0,0,0,興櫃,G7443,70401437,24647296,NA,NA,NA,NA
