﻿year,stock,source,target,sublist.holder,sublist.location,sublist.is_coreSource,sublist.table_source1,sublist.table_source2,sublist.table_source3,sublist.table_source4,market,group,taxcode.source,taxcode.target,china.note,X1,修正,非集團
2013,8351,"Incito Technology Co., Ltd.","HK XZJ Digital Co., Limited",0,香港,0,1,0,0,0,興櫃,G8351,NA,NA,NA,NA,NA,NA
2013,8351,新東亞微電子股份有限公司,"Incito Technology Co., Ltd.",1,英屬維京群島,1,1,0,0,0,興櫃,G8351,84900976,NA,NA,NA,NA,NA
2013,8351,"Incito Technology Co., Ltd.",江西東亞聯創電子有限公司,0.51,china,0,1,0,1,0,興櫃,G8351,NA,NA,NA,NA,NA,NA
2013,8351,敦南科技股份有限公司,新東亞微電子股份有限公司,NA,NA,0,0,0,0,1,興櫃,G8351,23528103,84900976,NA,NA,NA,NA
2013,8351,東亞通信工業股份有限公司,新東亞微電子股份有限公司,NA,NA,0,0,0,0,1,興櫃,G8351,34182958,84900976,NA,NA,NA,NA
2013,8351,中華開發工業銀行股份有限公司,新東亞微電子股份有限公司,NA,NA,0,0,0,0,1,興櫃,G8351,11147207,84900976,NA,NA,NA,1
