﻿year,stock,source,target,sublist.holder,sublist.location,sublist.is_coreSource,sublist.table_source1,sublist.table_source2,sublist.table_source3,sublist.table_source4,market,group,taxcode.source,taxcode.target,china.note,X1,修正,非集團
2013,8431,匯鉎投資股份有限公司,匯鑽科技股份有限公司,NA,NA,0,0,0,0,1,上櫃,G8431,29060110,29061764,NA,NA,NA,NA
2013,8431,家全投資股份有限公司,匯鑽科技股份有限公司,NA,NA,0,0,0,0,1,上櫃,G8431,24488826,29061764,NA,NA,NA,NA
2013,8431,裕宜投資股份有限公司,匯鑽科技股份有限公司,NA,NA,0,0,0,0,1,上櫃,G8431,25087566,29061764,NA,NA,NA,NA
2013,8431,瑞茂投資股份有限公司,匯鑽科技股份有限公司,NA,NA,0,0,0,0,1,上櫃,G8431,70447270,29061764,NA,NA,NA,NA
2013,8431,鑫鐽投資股份有限公司,匯鑽科技股份有限公司,NA,NA,0,0,0,0,1,上櫃,G8431,24489590,29061764,NA,NA,NA,NA
2013,8431,鳴棋投資股份有限公司,匯鑽科技股份有限公司,NA,NA,0,0,0,0,1,上櫃,G8431,24489579,29061764,NA,NA,NA,NA
