﻿year,stock,source,target,sublist.holder,sublist.location,sublist.is_coreSource,sublist.table_source1,sublist.table_source2,sublist.table_source3,sublist.table_source4,market,group,taxcode.source,taxcode.target,china.note,X1,修正,非集團
2013,8467,薩摩亞商順譽世界企業有限公司,"Bonny Sports CO., LTD.",0,不明,0,1,0,0,0,上市,G8467,NA,NA,NA,NA,NA,NA
2013,8467,薩摩亞商順譽世界企業有限公司,桐鄉市友才貿易有限公司,0,china,0,1,0,0,0,上市,G8467,NA,NA,NA,NA,NA,NA
2013,8467,薩摩亞商順譽世界企業有限公司,桐鄉波力科技複材用品有限公司,1,china,0,1,0,0,0,上市,G8467,NA,NA,NA,NA,NA,NA
2013,8467,薩摩亞商順譽世界企業有限公司,桐鄉健佑商貿有限公司,1,china,0,1,0,0,0,上市,G8467,NA,NA,NA,NA,NA,NA
2013,8467,波力環球企業股份有限公司,薩摩亞商順譽世界企業有限公司,1,薩摩亞,1,1,0,0,0,上市,G8467,24790428,NA,NA,NA,NA,NA
