﻿year,stock,source,target,sublist.holder,sublist.location,sublist.is_coreSource,sublist.table_source1,sublist.table_source2,sublist.table_source3,sublist.table_source4,market,group,taxcode.source,taxcode.target,china.note,X1,修正,非集團
2015,8905,裕國冷凍冷藏股份有限公司,裕一實業有限公司,1,台灣,1,1,0,0,0,上櫃,G8905,23641978,53515689,NA,NA,NA,NA
2015,8905,德昌國際投資股份有限公司,裕國冷凍冷藏股份有限公司,NA,NA,0,0,0,0,1,上櫃,G8905,16192861,23641978,NA,NA,NA,NA
2015,8905,德霖投資有限公司,裕國冷凍冷藏股份有限公司,NA,NA,0,0,0,0,1,上櫃,G8905,97380619,23641978,NA,NA,NA,NA
2015,8905,裕國冷凍冷藏股份有限公司,裕富餐飲股份有限公司,0.9992,台灣,1,1,0,0,0,上櫃,G8905,23641978,27626978,NA,NA,NA,NA
2015,8905,裕鵬物流股份有限公司,裕富餐飲股份有限公司,0.5,台灣,0,0,1,0,0,上櫃,G8905,16448293,27626978,NA,NA,NA,NA
2015,8905,裕國冷凍冷藏股份有限公司,裕鵬物流股份有限公司,0.9983,台灣,1,1,0,0,0,上櫃,G8905,23641978,16448293,NA,NA,NA,NA
2015,8905,裕國冷凍冷藏股份有限公司,德昌食品股份有限公司,0,台灣,1,1,0,0,0,上櫃,G8905,23641978,57215142,NA,NA,NA,NA
2015,8905,裕鵬物流股份有限公司,德昌食品股份有限公司,0,台灣,0,0,1,0,0,上櫃,G8905,16448293,57215142,NA,NA,NA,NA
2015,8905,裕國冷凍冷藏股份有限公司,德金營造股份有限公司,0,台灣,1,1,0,0,0,上櫃,G8905,23641978,22121984,NA,NA,NA,NA
