﻿year,stock,source,target,sublist.holder,sublist.location,sublist.is_coreSource,sublist.table_source1,sublist.table_source2,sublist.table_source3,sublist.table_source4,market,group,taxcode.source,taxcode.target,china.note,X1,修正,非集團
2015,8043,蜜望實企業股份有限公司,OUTRANGE STAR LIMITED,1,英屬維京群島,0,1,0,0,0,上櫃,G8043,23310983,NA,NA,NA,NA,NA
2015,8043,台灣太陽誘電股份有限公司,蜜望實企業股份有限公司,NA,NA,0,0,0,0,1,上櫃,G8043,24021407,23310983,NA,NA,NA,NA
2015,8043,蜜望實企業股份有限公司,蜜望實香港有限公司,1,香港,0,1,0,0,0,上櫃,G8043,23310983,NA,NA,NA,NA,NA
2015,8043,OUTRANGE STAR LIMITED,蜜望實電子國際貿易(上海)有限公司,1,china,0,1,0,1,0,上櫃,G8043,NA,NA,NA,NA,NA,NA
