﻿year,stock,source,target,sublist.holder,sublist.location,sublist.is_coreSource,sublist.table_source1,sublist.table_source2,sublist.table_source3,sublist.table_source4,market,group,taxcode.source,taxcode.target,china.note,X1,修正,非集團
2015,8114,PTIL,MUSTEK,1,印度,0,1,0,0,0,上市,G8114,NA,NA,NA,NA,NA,NA
2015,8114,振樺電子股份有限公司,PBM,0.981,美國,0,1,0,0,0,上市,G8114,12514341,NA,NA,NA,NA,NA
2015,8114,PIC,PBMB,1,不明,0,1,0,0,0,上市,G8114,NA,NA,NA,NA,NA,NA
2015,8114,振樺電子股份有限公司,PBMM,0.835,馬來西亞,0,1,0,0,0,上市,G8114,12514341,NA,NA,NA,NA,NA
2015,8114,振樺電子股份有限公司,PG,1,德國,0,1,0,0,0,上市,G8114,12514341,NA,NA,NA,NA,NA
2015,8114,振樺電子股份有限公司,PIC,1,塞席爾,0,1,0,0,0,上市,G8114,12514341,NA,NA,NA,NA,NA
2015,8114,振樺電子股份有限公司,PJ,1,日本,0,1,0,0,0,上市,G8114,12514341,NA,NA,NA,NA,NA
2015,8114,振樺電子股份有限公司,PTIL,0.51,印度,0,1,0,0,0,上市,G8114,12514341,NA,NA,NA,NA,NA
2015,8114,振樺電子股份有限公司,PTPL,0.9,新加坡,0,1,0,0,0,上市,G8114,12514341,NA,NA,NA,NA,NA
2015,8114,振樺電子股份有限公司,PTSC,1,阿根廷,0,1,0,0,0,上市,G8114,12514341,NA,NA,NA,NA,NA
2015,8114,創軒股份有限公司,振樺電子股份有限公司,NA,NA,0,0,0,0,1,上市,G8114,24541049,12514341,NA,NA,NA,NA
2015,8114,貝得開發股份有限公司,振樺電子股份有限公司,NA,NA,0,0,0,0,1,上市,G8114,80302870,12514341,NA,NA,NA,NA
2015,8114,振樺電子股份有限公司,軒楷科技股份有限公司,0.51,台灣,0,1,0,0,0,上市,G8114,12514341,53704915,NA,NA,NA,NA
2015,8114,振樺電子股份有限公司,康銘科技股份有限公司,1,台灣,0,1,0,0,0,上市,G8114,12514341,25093814,NA,NA,NA,NA
2015,8114,振樺電子股份有限公司,鈞鐸科技股份有限公司,0.659,台灣,0,1,0,0,0,上市,G8114,12514341,54033963,NA,NA,NA,NA
2015,8114,鴻凱雲端國際,鴻凱雲端(上海)軟件有限公司,0.967,china,0,0,0,1,0,上市,G8114,NA,NA,10,NA,NA,NA
2015,8114,振樺電子股份有限公司,鴻凱雲端科技股份有限公司,0.967,台灣,0,1,0,0,0,上市,G8114,12514341,53439439,NA,NA,NA,NA
2015,8114,鴻凱雲端科技股份有限公司,鴻凱雲端國際,1,薩摩亞,0,1,0,0,0,上市,G8114,53439439,NA,NA,NA,NA,NA
2015,8114,振樺電子股份有限公司,鑫凱科技股份有限公司,0.96,台灣,0,1,0,0,0,上市,G8114,12514341,29152602,NA,NA,NA,NA
