﻿year,stock,source,target,sublist.holder,sublist.location,sublist.is_coreSource,sublist.table_source1,sublist.table_source2,sublist.table_source3,sublist.table_source4,market,group,taxcode.source,taxcode.target,china.note,X1,修正,非集團
2016,8927,北基國際股份有限公司,三陸加油站股份有限公司,1,不明,1,1,0,0,0,上櫃,G8927,23218091,80716230,NA,NA,NA,NA
2016,8927,北基國際股份有限公司,大成加油站有限公司,0,不明,1,1,0,0,0,上櫃,G8927,23218091,23933010,NA,NA,NA,NA
2016,8927,北基國際股份有限公司,中華太子加油站股份有限公司,1,不明,1,1,0,0,0,上櫃,G8927,23218091,79955248,NA,NA,NA,NA
2016,8927,高雄汽車客運股份有限公司,北基國際股份有限公司,NA,NA,0,0,0,0,1,上櫃,G8927,85248708,23218091,NA,NA,NA,NA
2016,8927,北基國際股份有限公司,北基國際開發實業股份有限公司,0.49,台灣,1,1,0,0,0,上櫃,G8927,23218091,54055229,NA,NA,NA,NA
2016,8927,北基國際股份有限公司,北極星能源股份有限公司,0.94,台灣,1,1,0,0,0,上櫃,G8927,23218091,16741769,NA,NA,NA,NA
2016,8927,北基國際股份有限公司,遠見加油站有限公司,0,不明,1,1,0,0,0,上櫃,G8927,23218091,23962393,NA,NA,NA,NA
2016,8927,北基國際股份有限公司,聯合太子國際股份有限公司,1,不明,1,1,0,0,0,上櫃,G8927,23218091,70652617,NA,NA,NA,NA
