﻿year,stock,source,target,sublist.holder,sublist.location,sublist.is_coreSource,sublist.table_source1,sublist.table_source2,sublist.table_source3,sublist.table_source4,market,group,taxcode.source,taxcode.target,china.note,X1,修正,非集團
2013,8927,大觀煤氣有限公司,北基國際股份有限公司,NA,NA,0,0,0,0,1,上櫃,G8927,34203588,23218091,NA,NA,NA,NA
2013,8927,誠德管理顧問股份有限公司,北基國際股份有限公司,NA,NA,0,0,0,0,1,上櫃,G8927,80499590,23218091,NA,NA,NA,NA
2013,8927,興瑞資產管理股份有限公司,北基國際股份有限公司,NA,NA,0,0,0,0,1,上櫃,G8927,53576904,23218091,NA,NA,NA,NA
2013,8927,北基國際股份有限公司,北基國際開發實業股份有限公司,1,台灣,1,1,0,0,0,上櫃,G8927,23218091,54055229,NA,NA,NA,NA
2013,8927,北基國際股份有限公司,北極星能源股份有限公司,0.3928,台灣,1,0,1,0,0,上櫃,G8927,23218091,16741769,NA,NA,NA,NA
2013,8927,北基國際股份有限公司,嘉房地產開發(股)公司,0,台灣,1,0,1,0,0,上櫃,G8927,23218091,NA,NA,NA,NA,NA
