﻿year,stock,source,target,sublist.holder,sublist.location,sublist.is_coreSource,sublist.table_source1,sublist.table_source2,sublist.table_source3,sublist.table_source4,market,group,taxcode.source,taxcode.target,china.note,X1,修正,非集團
2016,5244,弘凱光電股份有限公司,"Brightek Optoelectronic Co., Ltd.",1,英屬維京群島,1,0,1,0,0,興櫃,G5244,27877550,NA,NA,NA,NA,NA
2016,5244,弘凱光電控股有限公司,弘凱光電(深圳)有限公司,1,china,0,1,0,1,0,興櫃,G5244,NA,NA,NA,NA,NA,NA
2016,5244,弘凱光電股份有限公司,弘凱光電控股有限公司,1,香港,1,1,0,0,0,興櫃,G5244,NA,NA,NA,NA,NA,NA
2016,5244,弘凱光電股份有限公司,弘鼎光電有限公司,1,香港,1,1,0,0,0,興櫃,G5244,NA,NA,NA,NA,NA,NA
2016,5244,弘鼎光電有限公司,昆山弘凱光電有限公司,1,china,0,1,0,1,0,興櫃,G5244,NA,NA,NA,NA,NA,NA
2016,5244,弘凱光電控股有限公司,龍辰光電(東莞)有限公司,1,china,0,1,0,1,0,興櫃,G5244,NA,NA,NA,NA,NA,NA
