﻿year,stock,source,target,sublist.holder,sublist.location,sublist.is_coreSource,sublist.table_source1,sublist.table_source2,sublist.table_source3,sublist.table_source4,market,group,taxcode.source,taxcode.target,china.note,X1,修正,非集團
2015,8171,天宇工業股份有限公司,Million Gold Developments Limited,1,薩摩亞,1,1,0,0,0,上櫃,G8171,38426929,NA,NA,NA,NA,NA
2015,8171,Million Gold Developments Limited,Sharp Developments Limited,1,薩摩亞,0,1,0,0,0,上櫃,G8171,NA,NA,NA,NA,NA,NA
2015,8171,天宇工業股份有限公司,Universal Technology International Limited,1,英屬維京群島,1,1,0,0,0,上櫃,G8171,38426929,NA,NA,NA,NA,NA
2015,8171,Sharp Developments Limited,天宇通訊科技(昆山)有限公司,1,china,0,1,0,1,0,上櫃,G8171,NA,NA,NA,NA,NA,NA
