﻿year,stock,source,target,sublist.holder,sublist.location,sublist.is_coreSource,sublist.table_source1,sublist.table_source2,sublist.table_source3,sublist.table_source4,market,group,taxcode.source,taxcode.target,china.note,X1,修正,非集團
2013,8049,晶采光電科技股份有限公司,"AMERICAN AMPIRE,INC.",1,美國,1,1,0,0,0,上櫃,G8049,16440433,NA,NA,NA,NA,NA
2013,8049,晶采光電科技股份有限公司,"AMPIRE CO.,LTD.",1,英屬維京群島,1,1,0,0,0,上櫃,G8049,16440433,NA,NA,NA,NA,NA
2013,8049,晶采光電科技股份有限公司,"ASIA AMPIRE(H.K.)CO.,LTD.",1,香港,1,1,0,0,0,上櫃,G8049,16440433,NA,NA,NA,NA,NA
2013,8049,"AMPIRE CO.,LTD.",SINO ADVANCE INC.,1,薩摩亞,0,0,1,0,0,上櫃,G8049,NA,NA,NA,NA,NA,NA
2013,8049,華鼎國際創業投資股份有限公司,晶采光電科技股份有限公司,NA,NA,0,0,0,0,1,上櫃,G8049,27951474,16440433,NA,NA,NA,NA
2013,8049,SINO ADVANCE INC.,棠裕電子(東莞)有限公司,1,china,0,1,0,1,0,上櫃,G8049,NA,NA,NA,NA,NA,NA
