﻿year,stock,source,target,sublist.holder,sublist.location,sublist.is_coreSource,sublist.table_source1,sublist.table_source2,sublist.table_source3,sublist.table_source4,market,group,taxcode.source,taxcode.target,china.note,X1,修正,非集團
2015,8067,志旭國際股份有限公司,艾美麗國際股份有限公司,0,台灣,1,1,0,0,0,上櫃,G8067,23286631,97283742,NA,NA,NA,NA
2015,8067,志旭國際股份有限公司,志旭日本株式會社,0.909,日本,1,1,0,0,0,上櫃,G8067,23286631,NA,NA,NA,NA,NA
2015,8067,冠誌國際有限公司,志旭光電貿易(上海)有限公司,1,china,0,1,0,1,0,上櫃,G8067,NA,NA,NA,NA,NA,NA
2015,8067,志旭國際股份有限公司,冠誌國際有限公司,1,薩摩亞,1,1,0,0,0,上櫃,G8067,23286631,NA,NA,NA,NA,NA
