﻿year,stock,source,target,sublist.holder,sublist.location,sublist.is_coreSource,sublist.table_source1,sublist.table_source2,sublist.table_source3,sublist.table_source4,market,group,taxcode.source,taxcode.target,china.note,X1,修正,非集團
2015,8315,大江紡織股份有限公司,大江國際股份有限公司,NA,NA,0,0,0,0,1,公開發行,G8315,30020019,97430717,NA,NA,NA,NA
2015,8315,大成長城企業股份有限公司,大江國際股份有限公司,NA,NA,0,0,0,0,1,公開發行,G8315,73008303,97430717,NA,NA,NA,NA
2015,8315,錸旺股份有限公司,大江國際股份有限公司,NA,NA,0,0,0,0,1,公開發行,G8315,27360127,97430717,NA,NA,NA,NA
2015,8315,大江國際股份有限公司,大江電子遊戲場業股份有限公司,1,台灣,1,1,0,0,0,公開發行,G8315,97430717,27340869,NA,NA,NA,NA
