﻿year,stock,source,target,sublist.holder,sublist.location,sublist.is_coreSource,sublist.table_source1,sublist.table_source2,sublist.table_source3,sublist.table_source4,market,group,taxcode.source,taxcode.target,china.note,X1,修正,非集團
2013,9931,欣高石油氣股份有限公司,和欣國際股份有限公司,0.9231,台灣,0,1,0,0,0,上市,G9931,79882718,70408749,NA,NA,NA,NA
2013,9931,清園投資股份有限公司,欣高石油氣股份有限公司,NA,NA,0,0,0,0,1,上市,G9931,79880731,79882718,NA,NA,NA,NA
2013,9931,同德投資股份有限公司,欣高石油氣股份有限公司,NA,NA,0,0,0,0,1,上市,G9931,16454843,79882718,NA,NA,NA,NA
2013,9931,勝美投資有限公司,欣高石油氣股份有限公司,NA,NA,0,0,0,0,1,上市,G9931,16479020,79882718,NA,NA,NA,NA
2013,9931,行政院國軍退除役官兵輔導委員會,欣高石油氣股份有限公司,NA,NA,0,0,0,0,1,上市,G9931,NA,79882718,NA,NA,NA,NA
2013,9931,欣高石油氣股份有限公司,捷揚建設股份有限公司,0.1667,台灣,0,0,1,0,0,上市,G9931,79882718,28285822,NA,NA,NA,NA
2013,9931,和欣國際股份有限公司,捷揚建設股份有限公司,0.1667,台灣,0,0,1,0,0,上市,G9931,70408749,28285822,NA,NA,NA,NA
2013,9931,和欣國際股份有限公司,新展投資股份有限公司,0,台灣,0,0,1,0,0,上市,G9931,70408749,70834618,NA,NA,NA,NA
