﻿year,stock,source,target,sublist.holder,sublist.location,sublist.is_coreSource,sublist.table_source1,sublist.table_source2,sublist.table_source3,sublist.table_source4,market,group,taxcode.source,taxcode.target,china.note,X1,修正,非集團
2015,6497,ASLAN Pharmaceuticals Pte. Ltd.,ASLAN Pharmaceuticals Australia Pty Ltd,1,澳大利亞,0,1,0,0,0,上櫃,G6497,NA,NA,NA,NA,NA,NA
2015,6497,ASLAN Pharmaceuticals Pte. Ltd.,ASLAN Pharmaceuticals Hong Kong Limited,1,香港,0,1,0,0,0,上櫃,G6497,NA,NA,NA,NA,NA,NA
2015,6497,ASLAN Pharmaceuticals Limited,ASLAN Pharmaceuticals Pte. Ltd.,1,新加坡,1,1,0,0,0,上櫃,G6497,NA,NA,NA,NA,NA,NA
2015,6497,ASLAN Pharmaceuticals Pte. Ltd.,亞獅康股份有限公司,1,台灣,0,1,0,0,0,上櫃,G6497,NA,54650064,NA,NA,NA,NA
