﻿year,stock,source,target,sublist.holder,sublist.location,sublist.is_coreSource,sublist.table_source1,sublist.table_source2,sublist.table_source3,sublist.table_source4,market,group,taxcode.source,taxcode.target,china.note,X1,修正,非集團
2014,6114,WORLD SMART HOLDINGS LIMITED,ADVANCE NANO LIMITED,0.4024,薩摩亞,0,0,1,0,0,上櫃,G6114,NA,NA,NA,NA,NA,NA
2014,6114,WORLD SMART HOLDINGS LIMITED,KANSAS HOLDINGS LIMITED,1,薩摩亞,0,1,0,0,0,上櫃,G6114,NA,NA,NA,NA,NA,NA
2014,6114,KANSAS HOLDINGS LIMITED,MCCOMB HOLDINGS LIMITED,1,薩摩亞,0,1,0,0,0,上櫃,G6114,NA,NA,NA,NA,NA,NA
2014,6114,久威國際股份有限公司,WORLD SMART HOLDINGS LIMITED,1,薩摩亞,1,1,0,0,0,上櫃,G6114,43880075,NA,NA,NA,NA,NA
2014,6114,基澤投資有限公司,久威國際股份有限公司,NA,NA,0,0,0,0,1,上櫃,G6114,53065044,43880075,NA,NA,NA,NA
2014,6114,台灣格雷蒙股份有限公司,久威國際股份有限公司,NA,NA,0,0,0,0,1,上櫃,G6114,20929998,43880075,NA,NA,NA,NA
2014,6114,ADVANCE NANO LIMITED,蘇州久鋐電子有限公司,0.5976,china,0,1,0,1,0,上櫃,G6114,NA,NA,NA,NA,NA,NA
2014,6114,MCCOMB HOLDINGS LIMITED,蘇州久鋐電子有限公司,0.4024,china,0,1,0,0,0,上櫃,G6114,NA,NA,NA,NA,NA,NA
