﻿year,stock,source,target,sublist.holder,sublist.location,sublist.is_coreSource,sublist.table_source1,sublist.table_source2,sublist.table_source3,sublist.table_source4,market,group,taxcode.source,taxcode.target,china.note,X1,修正,非集團
2013,8426,REDWOOD INTERIOR PTE LTD,REDWOOD (HK) LTD,1,香港,0,1,0,0,0,上櫃,G8426,NA,NA,NA,NA,NA,NA
2013,8426,REDWOOD INTERIOR PTE LTD,REDWOOD EUROPE LTD,1,英國,0,0,1,0,0,上櫃,G8426,NA,NA,NA,NA,NA,NA
2013,8426,REDWOOD INTERIOR PTE LTD,REDWOOD FURNITURE SDN. BHD.,1,馬來西亞,0,1,0,0,0,上櫃,G8426,NA,NA,NA,NA,NA,NA
2013,8426,REDWOOD GROUP LTD,REDWOOD INTERIOR PTE LTD,1,新加坡,0,1,0,0,0,上櫃,G8426,NA,NA,NA,NA,NA,NA
2013,8426,REDWOOD INTERIOR PTE LTD,REDWOOD PROJECTS SDN. BHD.,1,馬來西亞,0,1,0,0,0,上櫃,G8426,NA,NA,NA,NA,NA,NA
2013,8426,REDWOOD INTERIOR PTE LTD,宏木貿易(上海)有限公司,1,china,0,1,0,1,0,上櫃,G8426,NA,NA,NA,NA,NA,NA
