﻿year,stock,source,target,sublist.holder,sublist.location,sublist.is_coreSource,sublist.table_source1,sublist.table_source2,sublist.table_source3,sublist.table_source4,market,group,taxcode.source,taxcode.target,china.note,X1,修正,非集團
2016,4916,"Parpro Holdings Co., Ltd.","AP Parpro, Inc.",1,美國,0,1,0,0,0,上市,G4916,NA,NA,NA,NA,NA,NA
2016,4916,"AP Parpro, Inc.","Parpro (Nevada), Inc.",0.8,美國,0,1,0,0,0,上市,G4916,NA,NA,NA,NA,NA,NA
2016,4916,"Pilot (Las Vegas), Inc.","Parpro (Nevada), Inc.",0.2,美國,0,0,1,0,0,上市,G4916,NA,NA,NA,NA,NA,NA
2016,4916,事欣科技股份有限公司,"Parpro Holdings Co., Ltd.",1,英屬維京群島,1,1,0,0,0,上市,G4916,13000192,NA,NA,NA,NA,NA
2016,4916,"Parpro Holdings Co., Ltd.",Parpro Quality Inc.,1,美國,0,1,0,0,0,上市,G4916,NA,NA,NA,NA,NA,NA
2016,4916,Parpro Quality Inc.,Parpro Technologies Inc.,1,美國,0,1,0,0,0,上市,G4916,NA,NA,NA,NA,NA,NA
2016,4916,"Parpro Holdings Co., Ltd.","Pilot (Las Vegas), Inc.",1,美國,0,0,1,0,0,上市,G4916,NA,NA,NA,NA,NA,NA
2016,4916,事欣科技股份有限公司,世德科技股份有限公司,1,台灣,1,1,0,0,0,上市,G4916,13000192,80661690,NA,NA,NA,NA
2016,4916,事欣科技股份有限公司,恩德科技股份有限公司,0.14,台灣,1,0,1,0,0,上市,G4916,13000192,11551634,NA,NA,NA,NA
2016,1528,Anderson Europe GmbH,A. Monforts Werkzeugmaschinen GmbH & Co. KG,1,德國,0,1,0,0,0,上市,G4916,NA,NA,NA,NA,NA,NA
2016,1528,恩德科技股份有限公司,Anderson America Corporation,1,美國,1,1,0,0,0,上市,G4916,11551634,NA,NA,NA,NA,NA
2016,1528,恩德科技股份有限公司,Anderson Europe GmbH,1,德國,1,1,0,0,0,上市,G4916,11551634,NA,NA,NA,NA,NA
2016,1528,恩德科技股份有限公司,Anderson Industrial (Hong Kong) Ltd.,1,香港,1,1,0,0,0,上市,G4916,11551634,NA,NA,NA,NA,NA
2016,1528,"Giben Holdings Co., Ltd. (SAMOA)","Giben America, Inc.",1,美國,0,0,1,0,0,上市,G4916,NA,NA,NA,NA,NA,NA
2016,1528,"Giben Holdings Co., Ltd. (SAMOA)",Giben Brasil,0.0028,巴西,0,0,1,0,0,上市,G4916,NA,NA,NA,NA,NA,NA
2016,1528,"Giben Holdings Co., Ltd.(BVI)",Giben Brasil,0.9972,巴西,0,0,1,0,0,上市,G4916,NA,NA,NA,NA,NA,NA
2016,1528,"Giben Holdings Co., Ltd.(BVI)",Giben do Brasil Maquinas e Equipamentos Ltda,0.9972,不明,0,1,0,0,0,上市,G4916,NA,NA,NA,NA,NA,NA
2016,1528,恩德科技股份有限公司,"Giben Holdings Co., Ltd. (SAMOA)",1,薩摩亞,1,1,0,0,0,上市,G4916,11551634,NA,NA,NA,NA,NA
2016,1528,恩德科技股份有限公司,"Giben Holdings Co., Ltd.(BVI)",1,英屬維京群島,1,1,0,0,0,上市,G4916,11551634,NA,NA,NA,NA,NA
2016,1528,恩德科技股份有限公司,仲德實業(上海)有限公司,1,不明,1,1,0,0,0,上市,G4916,11551634,NA,NA,NA,NA,NA
2016,1528,仲德實業(上海)有限公司,成都仲德數控機械有限公司,0.6667,china,0,1,0,1,0,上市,G4916,NA,NA,NA,NA,NA,NA
2016,1528,恩德科技股份有限公司,育德實業股份有限公司,1,台灣,1,1,0,0,0,上市,G4916,11551634,54327361,NA,NA,NA,NA
2016,1528,勝德股份有限公司,威利斯有限公司,0.5,台灣,0,1,0,0,0,上市,G4916,45081463,42651855,NA,NA,NA,NA
2016,1528,運永投資有限公司,恩德科技股份有限公司,NA,NA,0,0,0,0,1,上市,G4916,29060126,11551634,NA,NA,NA,NA
2016,1528,恩德科技股份有限公司,祐德機械(上海)有限公司,1,不明,1,1,0,0,0,上市,G4916,11551634,NA,NA,NA,NA,NA
2016,1528,恩德科技股份有限公司,勝德股份有限公司,1,台灣,1,1,0,0,0,上市,G4916,11551634,45081463,NA,NA,NA,NA
2016,1528,恩德科技股份有限公司,翔德光電股份有限公司,0,台灣,1,1,0,0,0,上市,G4916,11551634,27566057,NA,NA,NA,NA
2016,1528,恩德科技股份有限公司,總格精密股份有限公司,0.7063,台灣,1,1,0,0,0,上市,G4916,11551634,23903228,NA,NA,NA,NA
2016,1528,勝德股份有限公司,總格精密股份有限公司,0.2862,台灣,0,1,0,0,0,上市,G4916,45081463,23903228,NA,NA,NA,NA
2016,1528,總格精密股份有限公司,總格精密機械(上海)有限公司,1,不明,0,1,0,0,0,上市,G4916,23903228,NA,NA,NA,NA,NA
