﻿year,stock,source,target,sublist.holder,sublist.location,sublist.is_coreSource,sublist.table_source1,sublist.table_source2,sublist.table_source3,sublist.table_source4,market,group,taxcode.source,taxcode.target,china.note,X1,修正,非集團
2014,4916,"Parpro Holdings Co., Ltd.","AP Parpro, Inc.",1,美國,0,1,0,0,0,上市,G4916,NA,NA,NA,NA,NA,NA
2014,4916,"AP Parpro, Inc.","Parpro (Nevada), Inc.",0.51,美國,0,1,0,0,0,上市,G4916,NA,NA,NA,NA,NA,NA
2014,4916,"Pilot (Las Vegas), Inc.","Parpro (Nevada), Inc.",0.49,美國,0,0,1,0,0,上市,G4916,NA,NA,NA,NA,NA,NA
2014,4916,事欣科技股份有限公司,"Parpro Holdings Co., Ltd.",1,英屬維京群島,1,1,0,0,0,上市,G4916,13000192,NA,NA,NA,NA,NA
2014,4916,"Parpro Holdings Co., Ltd.","Pilot (Las Vegas), Inc.",1,美國,0,0,1,0,0,上市,G4916,NA,NA,NA,NA,NA,NA
2014,4916,事欣科技股份有限公司,世德科技股份有限公司,1,台灣,1,1,0,0,0,上市,G4916,13000192,80661690,NA,NA,NA,NA
