﻿year,stock,source,target,sublist.holder,sublist.location,sublist.is_coreSource,sublist.table_source1,sublist.table_source2,sublist.table_source3,sublist.table_source4,market,group,taxcode.source,taxcode.target,china.note,X1,修正,非集團
2015,8913,Twin Luck Properties Ltd.,"hhlf Real Property Ⅱ, LLC",1,美國,0,0,1,0,0,上櫃,G8913,NA,NA,NA,NA,NA,NA
2015,8913,Twin Luck Properties Ltd.,"hhlf Real Property Ⅲ, LLC",1,美國,0,0,1,0,0,上櫃,G8913,NA,NA,NA,NA,NA,NA
2015,8913,Twin Luck,HHLF RP Ⅱ,1,不明,0,1,0,0,0,上櫃,G8913,NA,NA,NA,NA,NA,NA
2015,8913,Twin Luck,HHLF RP Ⅲ,1,不明,0,1,0,0,0,上櫃,G8913,NA,NA,NA,NA,NA,NA
2015,8913,Twin Luck,HHLF RP I,0,不明,0,1,0,0,0,上櫃,G8913,NA,NA,NA,NA,NA,NA
2015,8913,全銓租賃股份有限公司,Twin Luck Properties Ltd.,1,英屬維京群島,1,0,1,0,0,上櫃,G8913,05711866,NA,NA,NA,NA,NA
2015,8913,坤建投資有限公司,全銓租賃股份有限公司,NA,NA,0,0,0,0,1,上櫃,G8913,25104713,05711866,NA,NA,NA,NA
2015,8913,睿建投資有限公司,全銓租賃股份有限公司,NA,NA,0,0,0,0,1,上櫃,G8913,25104734,05711866,NA,NA,NA,NA
2015,8913,坤綸管理顧問股份有限公司,全銓租賃股份有限公司,NA,NA,0,0,0,0,1,上櫃,G8913,80168493,05711866,NA,NA,NA,NA
2015,8913,全銓租賃股份有限公司,宜園生技股份有限公司,0,台灣,1,0,1,0,0,上櫃,G8913,05711866,89396146,NA,NA,NA,NA
2015,8913,全銓租賃股份有限公司,華富投資股份有限公司,1,台灣,1,0,1,0,0,上櫃,G8913,05711866,16634873,NA,NA,NA,NA
