﻿year,stock,source,target,sublist.holder,sublist.location,sublist.is_coreSource,sublist.table_source1,sublist.table_source2,sublist.table_source3,sublist.table_source4,market,group,taxcode.source,taxcode.target,china.note,X1,修正,非集團
2014,8437,大地幼教股份有限公司,大地文教事業股份有限公司,1,台灣,1,1,0,0,0,公開發行,G8437,NA,53339430,NA,NA,NA,NA
2014,8437,綠大地教育科技有限公司,珠海大地幼教用品有限公司,1,china,0,1,0,1,0,公開發行,G8437,NA,NA,NA,NA,NA,NA
2014,8437,綠大地教育科技有限公司,珠海大地軟件科技有限公司,1,china,0,1,0,1,0,公開發行,G8437,NA,NA,NA,NA,NA,NA
2014,8437,綠大地教育科技有限公司,珠海美地教育諮詢有限公司,1,china,0,1,0,1,0,公開發行,G8437,NA,NA,NA,NA,NA,NA
2014,8437,大地幼教股份有限公司,綠大地教育科技有限公司,1,香港,1,1,0,0,0,公開發行,G8437,NA,NA,NA,NA,NA,NA
