﻿year,stock,source,target,sublist.holder,sublist.location,sublist.is_coreSource,sublist.table_source1,sublist.table_source2,sublist.table_source3,sublist.table_source4,market,group,taxcode.source,taxcode.target,china.note,X1,修正,非集團
2015,9989,李林投資事業股份有限公司,天外天有線電視股份有限公司,NA,NA,0,0,0,0,1,公開發行,G9989,28511502,96973810,NA,NA,NA,NA
2015,9989,昌潤水資源生技股份有限公司,天外天有線電視股份有限公司,NA,NA,0,0,0,0,1,公開發行,G9989,16635922,96973810,NA,NA,NA,NA
2015,9989,天外天有線電視股份有限公司,天外天網路科技股份有限公司,1,台灣,1,1,0,0,0,公開發行,G9989,96973810,24413852,NA,NA,NA,NA
2015,9989,天外天有線電視股份有限公司,天臺開發股份有限公司,0.55,台灣,1,1,0,0,0,公開發行,G9989,96973810,24425597,NA,NA,NA,NA
2015,9989,天臺開發股份有限公司,立工工程有限公司,0,台灣,0,1,0,0,0,公開發行,G9989,24425597,54314197,NA,NA,NA,NA
2015,9989,天臺開發股份有限公司,尚工工程有限公司,0,台灣,0,1,0,0,0,公開發行,G9989,24425597,54715783,NA,NA,NA,NA
2015,9989,天外天有線電視股份有限公司,新北市有線電視股份有限公司,0.5206,台灣,1,1,0,0,0,公開發行,G9989,96973810,54293088,NA,NA,NA,NA
