﻿year,stock,source,target,sublist.holder,sublist.location,sublist.is_coreSource,sublist.table_source1,sublist.table_source2,sublist.table_source3,sublist.table_source4,market,group,taxcode.source,taxcode.target,china.note,X1,修正,非集團
2015,8134,泰山電子股份有限公司,"EASTERN ELECTRONIC USA, INC.",0,美國,1,0,1,0,0,公開發行,G8134,43245671,NA,NA,NA,NA,NA
2015,8134,泰山電子股份有限公司,EVEREST GROUP LIMITED,1,英屬維京群島,1,1,0,0,0,公開發行,G8134,43245671,NA,NA,NA,NA,NA
2015,8134,泰山電子股份有限公司,英屬金福國際有限公司,1,英屬維京群島,1,1,0,0,0,公開發行,G8134,43245671,NA,NA,NA,NA,NA
2015,8134,德和創業投資股份有限公司,泰山電子股份有限公司,NA,NA,0,0,0,0,1,公開發行,G8134,23985375,43245671,NA,NA,NA,NA
2015,8134,福住投資股份有限公司,泰山電子股份有限公司,NA,NA,0,0,0,0,1,公開發行,G8134,23824505,43245671,NA,NA,NA,NA
2015,8134,泰山電子股份有限公司,泰宇電子(上海)有限公司,1,china,1,1,0,1,0,公開發行,G8134,43245671,NA,NA,NA,NA,NA
2015,8134,泰山電子股份有限公司,泰虹科技股份有限公司,0,台灣,1,1,0,0,0,公開發行,G8134,43245671,27415306,NA,NA,NA,NA
